podcast_genre,podcast_name,podcast_publisher,podcast_id
Arts,The Magnus Archives,RUSTY QUILL,5pwBAjuJJAOt7cED5Lkjnk
Arts,The Moth,THE MOTH,5UKrcYdaGbq10z97yqi81N
Arts,ASMR by Gibi for Sleep and Relaxation,GIBI ASMR,6MWAkIEDqe8cgQjPvUaW2V
Arts,99% Invisible,ROMAN MARS,2VRS1IJCTn2Nlkg33ZVfkM
Arts,Spooked,SNAP JUDGMENT,76571Rfl3m7PLJQZKQIGCT
Arts,Tetragrammaton with Rick Rubin,RICK RUBIN,6ZVBi4NU0OmUT8fPomahis
Arts,Fantasy Fangirls,FANTASY FANGIRLS | QCODE,24KydMMzrYfVpDggkFZx4j
Arts,AudioBook Listners,A.S.,1nljG0V5RVYqKqyLChOglp
Arts,Chichi's CDs,'CHI,24PzTknDMWxNTA2KExjHi5
Arts,Be My Guest with Ina Garten,FOOD NETWORK,4kokIA880g2ZpJOtcJzfYw
Arts,Fresh Air,NPR,0HF5T1BVjaUR6dMlAamdB5
Arts,The Jimmy Dore Show,JIMMY DORE,35UZkmSndjvs1zdH2zACFT
Arts,WinterXD's Return (WinterXD 4),WINTERXD,34B6lRzO2BdQM9WpHiDdh4
Arts,Kay's CDs.,' KAY .,2bRBSXEqBDwhkPLYS0G9Xr
Arts,Angel's bookshelf,ANGEL,6LcH7DZdRSNYv6Hj1PZtQz
Arts,The summer I turned pretty audiobook,CAITLYNüíã,7p9uRph4UwLekGkdU1ib90
Arts,Fashion Neurosis with Bella Freud,BELLA FREUD,5u12Pe78N9yaQWRWWoXZTK
Arts,Gastropod,CYNTHIA GRABER AND NICOLA TWILLEY,2bB44RWKrgs1jhylH1NBtL
Arts,Something Scary,STUDIO71,3IhUqegzY0g0PJJPaoQdYS
Arts,audiobooks üìö,KAT READS,4GgcSiour2omTQCfB49rgB
Arts,Goostarion's CDs,GOOSTARION (GOO GOOBIE :3),6JHMU0dQAbigeumsuUstUg
Arts,Outside Voices Podcast,OUTSIDE VOICES POD,6DBGP4DpXQF7zpbTSgqLFu
Arts,Myths and Legends,"JASON WEISER, CARISSA WEISER, NEXTPOD",6xqETOvGnSQHH0xdLtgcXU
Arts,The Emerald,JOSHUA SCHREI,1OwFblqZ7FIkLSW4rvbJEF
Arts,Classic Audiobook Collection,CLASSIC LITERATURE,0bYkBpWrkqU42rzYR6o0ri
Arts,audiobooks,ÁôæÂêà,4s8v4O903PU5KeoafDOUjh
Arts,Snap Judgment,SNAP JUDGMENT AND PRX,3Cct7ZWmxHNAtLgBTqjC5v
Arts,Breaking Bread with Tom Papa,ALL THINGS COMEDY,07iR1tmQtqLnfUyk2PB26k
Arts,LeVar Burton Reads,LEVAR BURTON AND STITCHER,21yjAjzYXD1xCNDad4OdTV
Arts,Manacled Audiobook | Audio Dinos + Audiobook Warriors,THE NOOBLIFER,7AqtWVRrnUR3t5rM6eVZRR
Arts,Percy Jackson and the Tales of Olympus,MIRANDAGK,5gI5suDMzQaXqtsrhQeCku
Arts,The Business of Fashion Podcast,THE BUSINESS OF FASHION,6Y1STt6SGDnPc8AdDzGMzn
Arts,Pastora Yesenia Then,PASTORA YESENIA THEN,47SvLma45kOiCjWgO25eRU
Arts,Ryers Readers,ASHLEY,6siiIHbnLRPB8HW7pAiu4X
Arts,Articles of Interest,AVERY TRUFELMAN,6XKe8xy5P16OLrkBW9oz0k
Arts,Dish,S:E CREATIVE STUDIO,5mx50pw8N4FnVOvcVpKpgT
Arts,HopeScope on Spotify: 2.0!,SOPHIEE (TAYLORS VERSION),2XJOcvrRZhEvp8zIhEr2q8
Arts,True scary stories,TRUE SCARY STORIES,59k0UB1ybOVeEk23WYAMf6
Arts,Engween,ENGWEEN,4Stw6UjhEkpOXTG99BsvUB
Arts,Hardcore Literature,BENJAMIN MCEVOY,70IZA248yNVkrjqzDNm6Lt
Arts,Chosti 2.0,üí§,3K0KOwZ9OiFML5E9P4dvEZ
Arts,True scary stories 2,TRUE SCARY STORIES 2,37ab96rNR0wPeHprZqRuXB
Arts,Gom Jabbar: A Dune Podcast,LORE PARTY MEDIA,1k7h9RHpSgFcREjuEbqNot
Arts,Bookmark'd with Sara & Des,DESTINY SIDWELL,1eYmQ9azOF2tQ0JrbIqQcb
Arts,The Recipe with Kenji and Deb,DEB PERELMAN & J. KENJI L√ìPEZ-ALT,3Ll536l6jMVQ0c1bZWqbDm
Arts,MrCreepyPasta's Storytime,MRCREEPYPASTA,0smDmHOI9OND09y8cVoq2U
Arts,Sentimental Men,BROADWAY PODCAST NETWORK,6L90hJ62vvSVV56UCi1VWp
Arts,Poetry Unbound,ON BEING STUDIOS,5gS9llUxTSORzMZtbDK4xh
Arts,Anigomi,ANIGOMI,1kIDQGas8SKeQcjMY8lcdp
Arts,Comfort Eating with Grace Dent,THE GUARDIAN,5fMtMMKSlUoDuxhd3a3IS0
Business,The Diary Of A CEO with Steven Bartlett,FLIGHT STUDIO,7iQXmUT7XGuZSzAMjoNWlX
Business,PBD Podcast,PBD PODCAST,3FVOp5guWNV4b0S9pfuVcw
Business,Financial Audit,CALEB HAMMER,1Ii04MZEAoxLdHnjRtd5cG
Business,Money Rehab with Nicole Lapin,MONEY NEWS NETWORK,30PCeEKkKV8oJYfzA6TwFx
Business,Morning Brew Daily,MORNING BREW,7nc7OQdPTekErtFSRxOBKh
Business,Young and Profiting (YAP) with Hala Taha,HALA TAHA | YAP MEDIA NETWORK,6Rcj3W6G4MPVuFCTFTvkku
Business,The Ramsey Show,RAMSEY NETWORK,5exfRPDNCBHmntEkJrlLmX
Business,The Prof G Pod with Scott Galloway,VOX MEDIA PODCAST NETWORK,5Ob5psTjoUtIGYxKUp2QVy
Business,How I Built This with Guy Raz,GUY RAZ | WONDERY,6E709HRH7XaiZrMfgtNCun
Business,Rich Habits Podcast,AUSTIN HANKWITZ AND ROBERT CROAK,4f0FqGtlkUStUcB6hZI6Yi
Business,The Boostly Podcast,MARK SIMPSON,2Sgm0sqWUxW4fcibSHxGkj
Business,Financial Feminist,HER FIRST $100K | YAP MEDIA,0b5qzMiw22wHBfe1x9LfaQ
Business,Planet Money,NPR,4FYpq3lSeQMAhqNI81O0Cn
Business,A Bit of Optimism,SIMON SINEK,0wjYlCNxLDgFUUjZMaP6Dx
Business,Money Guy Show,"BRIAN PRESTON, CPA, CFP¬Æ, PFS AND BO HANSON, CFA, CFP¬Æ | FEE-ONLY FIDUCIARY ADVISORS",0W7lo4UBMghDAdrTBCTXXW
Business,Motley Fool Money,THE MOTLEY FOOL,7tXRc97C1fA0epHAGQuJOE
Business,Jocko Podcast,JOCKO DEFCOR NETWORK,7irxBvxNqGYnUdFo1c2gMc
Business,The Game w/ Alex Hormozi,ALEX HORMOZI,6YNopzKDGDwf0auIpPTIID
Business,Think Fast Talk Smart: Communication Techniques,"MATT ABRAHAMS, THINK FAST TALK SMART",6ll0MwobDt1JW9gYaOONEo
Business,Odd Lots,BLOOMBERG,1te7oSFyRVekxMBJUSethH
Business,REAL AF with Andy Frisella,ANDY FRISELLA,6KHwEnVRZmS9tmxkyfqUMD
Business,"""What's your story?"" - GEN AI",RON CAUGHLIN,6SuZ2TRaHxIK78svUaFJBr
Business,Prof G Markets,VOX MEDIA PODCAST NETWORK,7syF2ry9j6nqYc656WHBA7
Business,BigDeal,CODIE SANCHEZ,6N6KqZOQeu7srMoEzSjNj2
Business,BiggerPockets Real Estate Podcast,BIGGERPOCKETS,23JyccHPmQ8fzmpmnvQ6hR
Business,Marketplace,MARKETPLACE,6zYlX5UGEPmNCWacYUJQGD
Business,Founders,DAVID SENRA,7txiovdzPARhjm18NwMUYj
Business,Crypto Trends Podcast,"ROBERT CROAK, ARMANDO PANTOJA",6fVb3zRPClNrYeC1R8FRhs
Business,Daily Stock Market News,MARKUS HEITKOETTER,2BDNR53mD6PwXVQXS5mFeu
Business,My First Million,HUBSPOT MEDIA,3mliji9352UAk3XnWElnDV
Business,The Tim Ferriss Show,"TIM FERRISS: BESTSELLING AUTHOR, HUMAN GUINEA PIG",5qSUyCrk9KR69lEiXbjwXM
Business,The Economics of Everyday Things,FREAKONOMICS NETWORK & ZACHARY CROCKETT,2dt6QUvLNA3B76II80Q0Dv
Business,Life Wide Open with CboysTV,CBOYSTV,7sIQ2t8MqpSq4lix18jI2I
Business,The Personal Finance Podcast,ANDREW GIANCOLA,1zVBTDKimC3UoOQy59KDrR
Business,The Best Idea Yet,WONDERY,3i8EH1J4TUS85GNUQDQeTV
Business,The Indicator from Planet Money,NPR,4X3yDKgVTWRjSd6r0vhgo4
Business,Girls That Invest,GIRLS THAT INVEST,4jWkbLYqVv93FjLkAcvZ1y
Business,The Knowledge Project with Shane Parrish,FARNAM STREET,1VyK52NSZHaDKeMJzT4TSM
Business,The Rundown,PUBLIC.COM,0VYfS0q26zf0cFc5VuCjwG
Business,Goldman Sachs Exchanges,GOLDMAN SACHS,1T6xOGR2S5tY6bZ7XbpAC3
Business,The Money with Katie Show,MORNING BREW,3KyldJHhXZPr8ERjKDASBh
Business,Money For Couples with Ramit Sethi,RAMIT SETHI,11ktWYpzznMCpvGtXsiYxE
Business,Goldman Sachs The Markets,GOLDMAN SACHS,4QYK5hxHNeXnevtUTsn5a7
Business,The Iced Coffee Hour,GRAHAM STEPHAN/JACK SELBY,5c2uoXBQkOjIiCOf60jJj7
Business,We Study Billionaires - The Investor‚Äôs Podcast Network,THE INVESTOR'S PODCAST NETWORK,28RHOkXkuHuotUrkCdvlOP
Business,The Wolf Of All Streets,SCOTT MELKER,0QnvAOKX8ZUzdwMl89h3gU
Business,Networth and Chill with Your Rich BFF,VIVIAN TU,651Wo289D5DpX6RG8Pv7px
Business,Craig Groeschel Leadership Podcast,LIFE.CHURCH,7tznexFwtbxfPOYF5mxkxI
Business,Build with Leila Hormozi,LEILA HORMOZI,5LMPzKk2ylmz0nccR2HNK5
Business,IQ POTENCIADO,SAM_CHRIST,3YXHj1dXZ3y2dvmhIOcwA4
Comedy,The Joe Rogan Experience,JOE ROGAN,4rOoJ6Egrf8K2IrywzwOMk
Comedy,Not Gonna Lie with Kylie Kelce,WAVE SPORTS + ENTERTAINMENT,0RgXbSGGmwpzAyeLHbDqUD
Comedy,Extra Dirty with Hallie Batchelder,UNWELL,0bzNJsM0gWbSQf7lkMeHsV
Comedy,ChainsFR On Spotify,CHAINSFR,7sOenVRhUacvxEHFIeYkYY
Comedy,This Past Weekend w/ Theo Von,THEO VON,6PwE1CIZsgfrhX6Bw96PUN
Comedy,The LOL Podcast,"CASH, MAVERICK, KATE, HARPER, KENZIE",6E1u3kxII5CbbFR4VObax4
Comedy,Call Her Daddy,ALEX COOPER,7bnjJ7Va1nM07Um4Od55dW
Comedy,Distractible,DISTRACTIBLE,2X40qLyoj1wQ2qE5FVpA7x
Comedy,So True with Caleb Hearon,HEADGUM,3EgXpWE5vz6JkRtjhenVOU
Comedy,Bad Friends,BOBBY LEE & ANDREW SANTINO,3gaGfrqgnVqUBNDdtv5p3S
Comedy,Smosh Reads Reddit Stories,SMOSH,6YqWo32NbxiptWx2hU00o5
Comedy,The Commercial Break,COMMERCIAL BREAK LLC,1t72EjFgsV6kxRdiwXJNBj
Comedy,Armchair Expert with Dax Shepard,ARMCHAIR UMBRELLA,6kAsbP8pxwaU2kPibKTuHE
Comedy,Matt and Shane's Secret Podcast,MATT MCCUSKER & SHANE GILLIS,32p08HngccrVVyugc45Ljp
Comedy,Duncanyounot,DUNCANJOSEPH,65EpDFRLooaWLos5bKbkur
Comedy,Ryth,RYTH,1PFhNhnMAZB8HQT0NGElvN
Comedy,The Basement Yard,JOE SANTAGATO,5uKsbyFWv7QI3smvZOO7In
Comedy,KILL TONY,DEATHSQUAD.TV & STUDIO71,77iUVnajPyEWPhY6LxjpzM
Comedy,Brooke and Jeffrey: Second Date Update,IHEARTPODCASTS,3SPqd6V3AyxLV6rlqzRtB4
Comedy,SmartLess,"JASON BATEMAN, SEAN HAYES, WILL ARNETT",0Yzd0g8NYmn27k2HFNplv7
Comedy,The Broski Report with Brittany Broski,BRITTANY BROSKI & AUDIOBOOM STUDIOS,33krWUztuVv30QmHsrKwcE
Comedy,The Antihero Podcast,THE ANTIHERO PODCAST,32DOQkeFaMJlGSHMAkPPJx
Comedy,"2 Bears, 1 Cave with Tom Segura & Bert Kreischer",YMH STUDIOS,1PgDUTgeyu3FOzK1FcBoqa
Comedy,The Weekly Show with Jon Stewart,COMEDY CENTRAL,0sxpFsg449GC8TPtrRVCUW
Comedy,Las Culturistas with Matt Rogers and Bowen Yang,BIG MONEY PLAYERS NETWORK AND IHEARTPODCASTS,7ARINaz7N2ji2Q97MLjnCJ
Comedy,Two Hot Takes,MORGAN ABSHER,6kCMPmQxqL1gO0DNtqeyQl
Comedy,Las Alucines,LUPITA VILLALOBOS Y KASS QUEZADA (QUESITO),5kopp3hL0uRgLZUh7nOvia
Comedy,Giggly Squad,HANNAH BERNER & PAIGE DESORBO,6gAg5FDBnoBGqlz7eFrtud
Comedy,Clooless Podcast,CLOOLESS PODCAST,4MzhPwnTSUCa42uIxMl32b
Comedy,You Should Know Podcast,WOOD ELF MEDIA,3uOGJH6LXT3zMRkiSelveI
Comedy,Normal Gossip,NORMAL GOSSIP,0KVZ16mLZ1bbNlnKemYTzm
Comedy,The Comment Section with Drew Afualo,PAST YOUR BEDTIME,1gtOt4yUGUZNEzJsy2q8Cb
Comedy,The Tim Dillon Show,THE TIM DILLON SHOW,2gRd1woKiAazAKPWPkHjds
Comedy,Unsubscribe Podcast,UNSUBSCRIBEPODCAST,1OCvA7dcr0cz2GNLbtGAcS
Comedy,Therapuss with Jake Shane,JAKE SHANE,1BHDdC0OVuHqZ706FobfOF
Comedy,Conan O‚ÄôBrien Needs A Friend,TEAM COCO & EARWOLF,3u26tlz7A3WyWRtXliX9a9
Comedy,Julian Dorey Podcast,JULIAN DOREY,5skaSpDzq94Kh16so3c0uz
Comedy,Wiser Than Me with Julia Louis-Dreyfus,LEMONADA MEDIA,3zaHNdVeLiqOSXwxdoWcij
Comedy,Stavvy's World,STAVROS HALKIAS,3kDS5MRlBl53tA3MRGqLzx
Comedy,Out of Character,HAMZAH AND MARTIN,6AHUtKbZQfEadcnzjHa0t9
Comedy,The Toast,DEAR MEDIA,2pC9RlB48sW1pwtz5PieJE
Comedy,BENOFTHEWEEK,BENOFTHEWEEK,1qcyvfaUVCx3jjKBRb7jVC
Comedy,Burdie Stories,BURDIE,7odxuwn7oUTl9HdM5kNOvX
Comedy,Ninjas Are Butterflies,POWERED BY SUNDAY COOL,0obq69pEi052aIDkIwL3Eu
Comedy,oompaville,OOMPAVILLE,48aZuCdK1K0qoWAYDldsSg
Comedy,Emergency Intercom,ENYA UMANZOR & DREW PHILLIPS,1tJAW2g51fSzs4Ny8AtgJk
Comedy,LOL Club,"CASH, MAV, KATE, HARPER, KENZIE",4mx4In75P3eDjnaTh4RdXb
Comedy,Dumb Blonde,DUMB BLONDE PRODUCTIONS,4HHvTURWViZE5vYuSt0ldG
Comedy,Talk Tuah with Haliey Welch,BETR,7KCh1Z181LOIh3IP6EbqNR
Comedy,Dungeons and Daddies,DUNGEONS AND DADDIES,5Sffly5o4mPetmnTR9zsWh
Education,The Mel Robbins Podcast,MEL ROBBINS,7vz4RYsD5MulTCrcH478t1
Education,anything goes with emma chamberlain,EMMA CHAMBERLAIN,5VzFvh1JlEhBMS6ZHZ8CNO
Education,Digital Social Hour,SEAN KELLY,5Jn7LXarRlI8Hc0GtTn759
Education,The Jordan B. Peterson Podcast,DR. JORDAN B. PETERSON,1Zw2DKjelPnuEYpydFlhgN
Education,TED Talks Daily,TED,1VXcH8QHkjRcTCEd88U3ti
Education,The Wizard Liz,THE WIZARD LIZ,40EIRyLeJMhbMpzYtOBsFo
Education,Aware & Aggravated,LEO SKEPI,4s5UB3Dvhocqea5W5gUzEd
Education,Dry Creek Wrangler Podcast,DEWAYNE NOEL,4gfZrHtYLTdkP3UgSIVDLE
Education,Motivation Daily by Motiversity,MOTIVERSITY,50xJKxraw7LwLJy2Rervp9
Education,The Rich Roll Podcast,RICH ROLL,2TGszFKJEbQuEXrWduK63l
Education,The Sabrina Zohar Show,THE SABRINA ZOHAR SHOW,2Dsp24A82JkYRXytiA2qRt
Education,The Subtle Art of Not Giving a F*ck Podcast,MARK MANSON,11VjrLJfoiNvgjjqov4RWh
Education,The Daily Stoic,DAILY STOIC | WONDERY,7fY99FB3bNyn7nEdXCoBeB
Education,The Jefferson Fisher Podcast,CIVILITY MEDIA,1Foh28yZs3D3ndudpiUmVv
Education,UNBIASED,JORDAN IS MY LAWYER,71ZaYSQ1c2G7pPvxVSq4cq
Education,Smoke Sesh,HANNAH,1M0Ky5BOUj5aBzpBa91mIG
Education,The Resilient Mind,THE RESILIENT MIND,7EKD1qYk2tkRHY6u6jpmNS
Education,Hot Girl Energy Podcast,KAYLIE STEWART,3FTxdfLxpQHEjZFsCuYp6A
Education,Life Kit,NPR,5J0xAfsLX7bEYzGxOin4Sd
Education,"Busy, Yet Pretty",CAKE MEDIA,7btKvH09RNjyacYLIU0zZm
Education,Immersive Spanish,IMMERSIVE SPANISH,6LRjQWo23lxCgtpP0Ett57
Education,BEING HER with Margarita Nazarenko,MARGARITA NAZARENKO,7D9nPxiPw7gRcXuUwaVDIH
Education,Duolingo Spanish Podcast,DUOLINGO,2uDEXRSkpRdCmZUw8qt5fh
Education,Mark K Lectures,HONEY_0326,6T69SFjGK8UHDSDImUjHGi
Education,Coffee Break Spanish,COFFEE BREAK LANGUAGES,4WYj81C37trSAv42zwnipj
Education,Trying Not to Care,ASHLEY CORBO,2L3Sw0lVVrHNGkqhsqQEcQ
Education,Know Thyself,ANDR√â DUQUM,4FSiemtvZrWesGtO2MqTZ4
Education,Bedros Keuilian Podcast Show,BEDROS KEUILIAN,0z0lwiTEiYmk2fkhDkRqPV
Education,THE WWE SLAMMAS,YEEEEEEEEEEEEEET,5C0s6U71SW5i9oKnT8YQmu
Education,The Skinny Confidential Him & Her Podcast,THE SKINNY CONFIDENTIAL,2kNTiKHCrrydRj0eFbrAWO
Education,THE ED MYLETT SHOW,ED MYLETT | CUMULUS PODCAST NETWORK,19TdDBlFkqh7uevYO0jFSW
Education,Self Obsessed,TAM KAUR,4Nj8fh6y52RFX1RZMUgAoC
Education,The Live It All Better Podcast,WITH SUSIE THE LIFE COACH,5EtybSCIpUsnbQhMhqP5co
Education,Be Smart Play Dumb,ANNA KRISTINA,3lfTh3j9yBRK9EDbx8MiEy
Education,LearnCraft Spanish,TIMOTHY MOSER,6VfVFqzgfnCLp2rAxOjjG5
Education,CAPS LOCK,SAMANTHA FEHER,5JIUcQCKqDbxyZBrxGVusE
Education,Japanese podcast for beginners (Nihongo con Teppei),JAPANESE PODCAST FOR BEGINNERS (NIHONGO CON TEPPEI),4W4jYoKRmjlURKO1fIfcOK
Education,The Tony Robbins Podcast,TONY ROBBINS,6fZXOzehJ9JtOyFjirF3qt
Education,Learn Japanese with Masa sensei!,MASA SENSEI,5VgrjvbQRFNPykH1QiBXFJ
Education,Anatomy and Physiology - Bit by Bit,ANATOMY &AMP; PHYSIOLOGY - BIT BY BIT,6ZGQXkt6mJ6SKsZwLjeJCc
Education,Coffee Break French,COFFEE BREAK LANGUAGES,6YqgG1UezfW9khCvLh8rvw
Education,The Positive Mindset Podcast,HENRY LAWRENCE,3Om9xBnBiT6bMKlUcxGexC
Education,The Deep End w/Taylor Welch,TAYLOR A WELCH,3Pqrl9Xpuja6kSPjHUgxF4
Education,LA MAGIA DEL CAOS con Aislinn Derbez,TROOP AUDIO,53bnc3AHyqknK2JMAHo9br
Education,Weekly Motivation by Ben Lionel Scott,BEN LIONEL SCOTT,3ssx09faxpyVTRMHWKMdW0
Education,Little Talk in Slow French: Learn French through conversations,NAGISA MORIMOTO,04xgaUm233iT1Th8hWGDyN
Education,Ingl√©s Pa Mi Gente,ERIKA WARNER,3kjwdn64m2otD2V1uCxjVe
Education,Duolingo French Podcast,DUOLINGO,2Mu5dTlsG1vRE25twu1P2l
Education,YUYU„ÅÆÊó•Êú¨Ë™ûPodcast„ÄêJapanese Podcast„Äë,YUYU NIHONGO,0hQDsR0brfk88Nls8fydo4
Education,Purely Being Guided Meditations,LUCY LOVE,4SZqEHoy45zPBVoW3RAw7C
Fiction,Batman Unburied: Fallen City,WARNER BROS. / SPOTIFY STUDIOS,3pUWoZ6fC2qA02D3X0CeMb
Fiction,MSA previously My Story Animated,MSA TEAM,6GYaLqYMUKLRj3VrAqzuUr
Fiction,Dhar Mann,DHAR MANN,1BBvil8MWnvm4yXyr0xMJl
Fiction,Legends of Avantris,AVANTRIS ENTERTAINMENT,15T8pm3JcVIxSGIebmdKDg
Fiction,A Christmas Carol,THE MERRY BEGGARS,6Dn9URa8SfOfXeZ6Sg39Dz
Fiction,Relatos de la Noche,SONORO | RDLN,0SAv0bEYhFndhLODSzPIfL
Fiction,Scary Horror Stories by Dr. NoSleep,DR. NOSLEEP STUDIOS,2Sqi0dJoIudYWq430DXRH5
Fiction,Tower 4,BLOODY FM,4YChJfyufByaRzekQVKNGG
Fiction,The Duck Stories,THE DUCK,6KsniBVOxbMwu3CqV2Dj1J
Fiction,HABLEMOS DE LO QUE NO EXISTE,ICE MURDOCK,7EWdV2gdRnrX0092k12QUJ
Fiction,EXTRA ANORMAL,PACO ARIAS,58wsYLsa9QPrclg3cFRoG0
Fiction,Welcome to Night Vale,NIGHT VALE PRESENTS,0s6Wc5qf8SIvCtKZNC6N7s
Fiction,Red Valley,KONTINUE PRODUCTIONS,41qEAYrzLkA6IgOePDpWSL
Fiction,The Riddler: Secrets in the Dark,WARNER BROS. / SPOTIFY STUDIOS,0woBZZkgalxmLWHdo9ELnn
Fiction,Beauty and The Tea,KAYLIE LEAS,3OVQYMaYPOuePgh5sYOQ1y
Fiction,The SCP Experience,DR. NOSLEEP STUDIOS,3ELCNltCdM1QDCjlS9WZ6T
Fiction,Midnight Burger,BUSINESS GOOSE MEDIA,3flVB3CeXIfVHwXjcKkNk8
Fiction,Paranormal,FEPO,6uiXpyl749yOE2vs8sCrdW
Fiction,Lighthouse Horror Podcast,LIGHTHOUSE HORROR,1O4bJHIPsSMHrOzgZzc0ZC
Fiction,Old Gods of Appalachia,DEEPNERD MEDIA,0rOkFpkORBFMEIHfV0YKzJ
Fiction,Layze,STARCCHINO,7LUAnZuB3goJgX9bYfRHP7
Fiction,M4M audios,DRAMATOJI,1kRklyJOmILllrzKHzd3I2
Fiction,Malevolent,HARLAN GUTHRIE,7Dd5CTKuEN9AAFkYzjbsvK
Fiction,MSA,MSA OFFICIAL,5jIoXoQqyJ1mkj3MtkpRLa
Fiction,Sml (Every Time Sml Posts),LONDENWAKE,1wcFLK5dQvruIicXMDqPkY
Fiction,We're Alive,WAYLAND PRODUCTIONS INC,72cVljR6gfw5yiVUDMo6g3
Fiction,Hildy the Barback and the Lake of Fire,BEN FALCONE AND STEVE MALLORY,1Tjl4nKB0Ky4UHVPvXap9M
Fiction,After Dark | Scary Horror Stories,AFTER DARK STUDIOS,3gZikZZldwY6J7vFCLV7ox
Fiction,Six Minutes,GZM SHOWS,4tL2Nyn5iEkAM9DUglm5OW
Fiction,Sherlock & Co.,GOALHANGER,5yfvdowY1nFCyXRTD5ITqb
Fiction,End of All Hope,BLOODY FM,63EG22GCxZm6YVWlyVyG5K
Fiction,The Antiquarium of Sinister Happenings,BLOODY FM,3bG6sKiDF0G1Dh4efJrPUo
Fiction,My Impression,DR. BRYANLICIOUS2,3RUCtkq32BGECCgyKYLdBi
Fiction,The White Vault,FOOL AND SCHOLAR PRODUCTIONS,2zaOPON66InniTdoEoPai5
Fiction,Worlds Beyond Number,"FORTUNATE HORSE, WORLDS BEYOND NUMBER",4xQ4HKZjIg04Phtj2gaTbi
Fiction,The Adventure Zone,THE MCELROYS,6OoAQesdLgYBOyfx8ji0bZ
Fiction,CreepsMcPasta Creepypasta Radio,CREEPS MCPASTA,7l0iRPdyi5UcHtDVWStxl4
Fiction,Primal,VOYAGE MEDIA,3RI7dh93qrpE3LN81xeDNq
Fiction,The NoSleep Podcast,CREATIVE REASON MEDIA INC.,5XhS5WBxLYgN3S9KhEyrrF
Fiction,CHARLIE'S BUNNY PATCH :3,VIVA | HH OBSESSED,764u5bvLdqgXbZR1VJgLZ8
Fiction,As The Raven Dreams Podcast,AS THE RAVEN DREAMS,1EFYMKPBTTkmKyDla2JE1Q
Fiction,INSOMNIO,FEPO,1OTdDziZ7R1iYew8vxB9Ln
Fiction,Station 151,PALE MATTER | REALM,6ivVLrV6gUo1Xbi0BhMHnc
Fiction,Mink‚Äôs Sub Audios üéÄ,MINK,44IAWRaBX2QQ7FmkOfgviS
Fiction,Connor Pugs,CONNOR PUGS,22BnYI5VssrkSKbEqV7X1j
Fiction,Elias The Caretaker,VOYAGE MEDIA,0gMSBdOKsy0dOze0v90RzO
Fiction,Batman: The Audio Adventures,MAX,6YOANXuJ8AAtB2bFilDm6g
Fiction,The Dark Somnium,BLOODY FM,2mh1jd7nq8BMzl2kjGGBCV
Fiction,Historias Embrujadas Podcast,HISTORIAS EMBRUJADAS,3CIHueqTYeMg2IlVMPXG2V
Fiction,DERELICT,NIGHT ROCKET PRODUCTIONS,0RRsd7061dikIOv6WbhmDS
Health & Fitness,Huberman Lab,SCICOMM MEDIA,79CkJF3UJTHFV8Dse3Oy0P
Health & Fitness,The Mindset Mentor,ROB DIAL,706hylM6zaDW8LrrYxcggQ
Health & Fitness,The Psychology of your 20s,IHEARTPODCASTS,2HGcJRYrjGnpce6bRp8UXm
Health & Fitness,On Purpose with Jay Shetty,IHEARTPODCASTS,5EqqB52m2bsr4k1Ii7sStc
Health & Fitness,The Dr. Hyman Show,DR. MARK HYMAN,50MFhL6rItlnDDEStFMSPu
Health & Fitness,The Dr. John Delony Show,RAMSEY NETWORK,3q3Uzj7jdndNfvKlMXuN9J
Health & Fitness,The Ultimate Human with Gary Brecka,GARY BRECKA,5Faf5ecAnYW7AzGdblqd6R
Health & Fitness,Sober Strength,ALTUM FITNESS,39yzBHkDaygtYFZtQC2tJU
Health & Fitness,We're All Insane,DEVORAH ROLOFF,6UtKJixvYC9QhBXcfo5MOg
Health & Fitness,Tony Mantor: Why Not Me the World,TONY MANTOR,4dTv4Yxxf0WoM0fgBhv8XQ
Health & Fitness,Culture Apothecary with Alex Clark,TURNING POINT USA,7M0C7cl5Fobejy7gbT5GB2
Health & Fitness,The School of Greatness,LEWIS HOWES,07GQhOZboEZOE1ysnFLipT
Health & Fitness,The Peter Attia Drive,"PETER ATTIA, MD",63AWQmsSnFNFHUqnRAOFtD
Health & Fitness,10% Happier with Dan Harris,TEN PERCENT HAPPIER,1CfW319UkBMVhCXfei8huv
Health & Fitness,Nothing much happens: bedtime stories to help you sleep,IHEARTPODCASTS,6wegpF4BHu5dQG7sTg1Cz9
Health & Fitness,RFK Jr Podcast,ROBERT KENNEDY JR,30DqNXrHLKzz4xzmoty6xf
Health & Fitness,Mind Pump: Raw Fitness Truth,"SAL DI STEFANO, ADAM SCHAFER, JUSTIN ANDREWS, DOUG EGGE",4D3JFAh4ebj9lks9WOE2Vs
Health & Fitness,Get Sleepy: Sleep meditation and stories,SLUMBER STUDIOS,0edOBjruWV6Juxf42WjGxw
Health & Fitness,The Squeeze,TAYLOR LAUTNER,4mrGMrkDZSw1OEA7itWxaZ
Health & Fitness,I Can‚Äôt Sleep,BENJAMIN BOSTER & GLASSBOX MEDIA,1N3pBqmMJ6sFaoZJ3yhxXK
Health & Fitness,El Podcast de Marian Rojas Estap√©,MARIAN ROJAS ESTAP√â,2xV7Vx7NQgAC8vMt2vZNnE
Health & Fitness,Maintenance Phase,AUBREY GORDON & MICHAEL HOBBES,3rDR8CfpIEMpITG2UC3w5W
Health & Fitness,8 Hour Sleep Music,8 HOUR SLEEP MUSIC,5eTzsIIlMeamYqJfsvNnuU
Health & Fitness,Balanced Black Girl,BALANCED BLACK GIRL,46muBfvOgp2U44ycqZJPPN
Health & Fitness,Chasing Life,CNN,3nKvLT48YbbRQoCYQ4ern1
Health & Fitness,The Nick Bare Podcast,NICK BARE,0FqNvRhcHYBtfxnmhDSt2r
Health & Fitness,LLLL,RIKUNLUV,7lQrbNmijhYBr5iP3vc9lG
Health & Fitness,HealthyGamerGG,PICKAXE,6VaJwyS2KXxiXqR77jqzmP
Health & Fitness,Pursuit of Wellness,MARI LLEWELLYN,0xKOhJLfnQTGkWqFSodeCA
Health & Fitness,The HigherUp Podcast,MICHAEL SMOAK,1gVshwQYETZFObSi1CJaJk
Health & Fitness,The Checkup with Doctor Mike,DM OPERATIONS INC.,5NdDCZh1OCLkpoXGp9yAqx
Health & Fitness,Guided Sleep Meditation & Sleep Hypnosis from Sleep Cove,"SLEEP HYPNOSIS, MEDITATIONS AND BEDTIME STORIES",5mSCDO2x32DwnwDdtYvM6L
Health & Fitness,Sleep With Me,SILVER SLEEPER PRODUCTIONS LLC,6RLX4Ns3kRUQiJi7RZl4NA
Health & Fitness,Therapy and Theology,LYSA TERKEURST,3t3TDvjeCIgop43pIDHZMl
Health & Fitness,Grounded Wellness by Primally Pure,PRIMALLY PURE,0SA1gMrkpukXtTOy2yR3ng
Health & Fitness,Cameron Hanes - Keep Hammering Collective,CAMERON HANES,42pdtFh9H7v65Gg3QI5Gf0
Health & Fitness,The Liz Moody Podcast,LIZ MOODY,6dBAMh1qc4ML7xxbYwYwNj
Health & Fitness,RP Strength Podcast,NICK SHAW,3ki8HgoQms5LXkbYs55fZg
Health & Fitness,"Feel Better, Live More with Dr Rangan Chatterjee",DR RANGAN CHATTERJEE: GP & AUTHOR,6NyPQfcSR9nj0DPDr2ixrK
Health & Fitness,nekko's m4f cds,ùíèùíÜùíåùíåùíê ‚ÇäÀö‡∑Ü,00VHOGPWxPxpYaDCWSPt7X
Health & Fitness,Psychology Unplugged,DR. COREY J. NIGRO,7wkYuqWC8z51nfetiZCTbT
Health & Fitness,My So-Called Midlife with Reshma Saujani,LEMONADA MEDIA,73XJzdSdmzQ6hGXzGWd8lq
Health & Fitness,Change Your Brain Every Day,DR DANIEL AMEN & TANA AMEN BSN RN,5tOtpZ6zWVUymZFiAugCeb
Health & Fitness,Wellness Her Way with Gracie Norton,DEAR MEDIA,1bnXXVNcIl9cdYVJ4Agji2
Health & Fitness,‚òÜ.ìãºìçäAlex‚Äôs Swamp of GaysìÜè ìçäìãºìçä.‚òÜ,üè≥Ô∏è‚Äç‚ößÔ∏èALEXüè≥Ô∏è‚Äç‚ößÔ∏è,5JAlR6P5rDnfWBe4q81Paw
Health & Fitness,Mayim Bialik's Breakdown,MAYIM BIALIK,6TgOe2poCdpZtQwKetQmU1
Health & Fitness,Two Dykes And A Mic,MCKENZIE GOODWIN AND RACHEL SCANLON,2C6AVB2V8OL35sH6XtbIpk
Health & Fitness,ùÖÑ ›Å ‚èú Íí∞ ü•û riccardo's nsfw bakerie ! Íí± ‚îÄ‚îÄ ‡πë ÷π ‚Çä„Ö§ €ü,HAPPYBAKER062CUTE,5ntkrVjzBXyYBu4jg2prl9
Health & Fitness,21 Days of Abundance - Meditation Series,DEEPAK CHOPRA,0LtsgWkOpLdYR7wK0senTX
Health & Fitness,8 Hour Binaural Beats,8 HOUR SLEEP MUSIC,0Ynnnexk73BMfEvzJp2IdF
History,REDACTED: Declassified Mysteries with Luke Lamana,WONDERY | BALLEN STUDIOS,4yZ5aLzqP6j7iOGCbzcB51
History,The Rest Is History,GOALHANGER,7Cvsbcjhtur7nplC148TWy
History,History That Doesn't Suck,PROF. GREG JACKSON,7AVu47DIP4G9YGMJXtMgRi
History,Dan Carlin's Hardcore History,DAN CARLIN,72qiPaoDRf8HkGKEChvG5q
History,Conspiracy Theories,SPOTIFY STUDIOS,5RdShpOtxKO3ZWohR2M6Sv
History,The Rest Is Classified,GOALHANGER,1Jn1HIW6I1AQnKVpsJHdEf
History,Dark History,AUDIOBOOM STUDIOS,43q5OD7x3cPKx21DnupCks
History,The Ancients,HISTORY HIT,1DQF5Yi3m6LykJDwiy8qxh
History,Forbidden History,LIKE A SHOT ENTERTAINMENT,6AWFKl3OO1jGjGVf3ytvIQ
History,Short History Of...,NOISER,2mcJ0sFMn4TdKCQrxoLPgO
History,American Scandal,WONDERY,4sUfdePkKVTU0tciTetaau
History,Lore,AARON MAHNKE,25PdDOYwfXDFvZ4pI1JWDh
History,The History of Rome,MIKE DUNCAN,6wiEd40oPbQ9UK1rSpIy8I
History,Fall of Civilizations Podcast,PAUL COOPER,44DE64rRpX1cFIQUlqQtvi
History,Throughline,NPR,0vYTIMav7el5VXq5n5pxhI
History,Real Survival Stories,NOISER,5SLtYTC56YJEV5mxc7NMuw
History,American History Tellers,WONDERY,6ynzLDYSVQUsI0ZgMAxwWI
History,You're Wrong About,SARAH MARSHALL,1RefFgQB4Lrl7qczcTWA3o
History,Revolutions,MIKE DUNCAN,05lvdf9T77KE6y4gyMGEsD
History,The Martyr Made Podcast,DARRYL COOPER,6aA7GwsEBqFiBshQ0a9vZu
History,Empire,GOALHANGER,0sBh58hSTReUQiK4axYUVx
History,In Our Time,BBC RADIO 4,17YfG23eMbfLBaDPqucgzZ
History,My Victorian Nightmare,GENEVIEVE MANION,15h4sm3w9DtWRcywgFlzOU
History,"Betwixt The Sheets: The History of Sex, Scandal & Society",HISTORY HIT,1krsAvYm52tQPrHkP4XBNV
History,DEBRIEFED With Chris Ramsay,CHRIS RAMSAY,26PjFc2gsF0jE9CiMvNBVt
History,Stuff You Missed in History Class,IHEARTPODCASTS,4Zkj8TTa7XAZYI6aFetlec
History,Legends of the Old West,BLACK BARREL MEDIA,1ffECQs7FDujQqRsADqvxo
History,Unexplained Mysteries,SPOTIFY STUDIOS,1Xe0dRpQCrwi59H2CJWtYf
History,"After Dark: Myths, Misdeeds & the Paranormal",HISTORY HIT,2cWW36Ju9af7X3JqF7VmLT
History,You're Dead to Me,BBC RADIO 4,2dXkTgfC5mECruaLFUERe1
History,Gone Medieval,HISTORY HIT,4OkeBgJLymPhAmXL6krhnR
History,the memory palace,NATE DIMEO,0gWT8X6lgGuJkpcx0XJ3yr
History,Everything Everywhere Daily,GARY ARNDT | GLASSBOX MEDIA,2CrsGIq5kZ1tdhfR8ErLjV
History,Dan Snow's History Hit,HISTORY HIT,19ywAHxXEhulGqF9jS32Kg
History,Real Dictators,NOISER,4yXsMW1CFOjL17OFbdca0L
History,Historically High,HISTORICALLY HIGH,1yamaLazO9SqJvhY0FxCQT
History,American History Hit,HISTORY HIT,3Ehymwiw9oBfk3HOx2kN69
History,Who Did What Now,KATIE CHARLWOOD,78Dwpho6E4MOirq7dbZhSt
History,Rachel Maddow Presents: Ultra,"RACHEL MADDOW, MSNBC",3ImqTb6CcfZINTgByeAThh
History,The History of WWII Podcast,RAY HARRIS JR,478Cwatmrh1sGxaarajEXc
History,The History Chicks : A Women's History Podcast,THE HISTORY CHICKS | QCODE,7dqlIAdQaybiJrfrtCbRnW
History,HISTORY This Week,THE HISTORY¬Æ CHANNEL,2YFm0ezrXmMqLXbxgZpkmd
History,Investigate Earth Conspiracy Podcast,DO WITHOUT FEAR MEDIA,6GOuwDqjEy8rJAR7Js6AUn
History,History of Everything,STAKUYI,6ALnjYlFQeEOmeRwYoRlIh
History,History For Weirdos,ANDREW & STEPHANIE,5PfQzwbYi6ClQU00QYgmMB
History,Infamous America,BLACK BARREL MEDIA,10dCj0Am5WRUAznLTUOPw9
History,Master Plan,THE LEVER,53PK9UJVE1keigtCX5BkRZ
History,Aaron Mahnke's Cabinet of Curiosities,IHEARTPODCASTS AND GRIM & MILD,34RuD4w8IVNm49Ge9qzjwT
History,Wiser World,ALLI ROPER,73PVHL1ZJdnd4ooguZ5K1x
History,Not Just the Tudors,HISTORY HIT,4cE3piJ1dtOB0Phe8LEBgW
Leisure,Markiplier,DISTRACTIBLE,2xcn5dkvU3zlAOWvyz8nLI
Leisure,SSSniperWolf Videos,SSSNIPERWOLF VIDEOS,4N1QkzDGU8xznJGQ6ZhjFZ
Leisure,SMII7Y!,...,2iCaWK84TraI1eZriGSwTN
Leisure,Game Theory,THE GAME THEORISTS,3kupFE4HJtPDPbawmrxa5D
Leisure,SmartLess Presents ClueLess,SMARTLESS MEDIA,3WuDYfHoKVwMKGilOHr0Ub
Leisure,FGTeeV,FGTEEV,1TKh4glkCQC1VUJSLEmy1Z
Leisure,The 40k Lorecast,WARHAMMMER 40K,2Z8HKiDH3nlvFzO2H18GHI
Leisure,Tales from the Stinky Dragon,STINKY DRAGON,1QQJ7FElLE0K6CIfZNCxU4
Leisure,Flamingo,ALBERT ARETZ,3kQUhLT6latU5fM0mQyKfZ
Leisure,La J y la M,ODALYS JM Y DAFNNE JM,3vLefYJ6uR6zlGXowM1VUk
Leisure,Critical Role,CRITICAL ROLE,7e8zPFBpW0DtgyrrPnt0xT
Leisure,GOONS,THE GOONS PODCAST,62V6YaK1hmkb37thGm8aFu
Leisure,Aphmau Minecraft But We Walk In A Straight Line,KAY,0WHQrYaAvBH61jwXDQwQ4k
Leisure,The Whatever I Want ARCHIVE (Whatever I Want 3),XCLOUD (OWNER) AND TEAM WIW (OR TEAM W),0rR5qMp5mA4JP7dRq7Ao90
Leisure,OpTic Podcast,OPTIC GAMING,6tr9O4kY01C1n3vYnF6ULT
Leisure,Duck Call Room,SI ROBERTSON & JUSTIN MARTIN,4erqcWIOv67EyitVFTnkAH
Leisure,Things to Watch Later,JUSTACOOLDUDE,7LJSLslXUJMGSntpw0IvXv
Leisure,Thinknoodles On Spotify!,THINKNOODLES,1ifKMNb8qlFuw7ooFAuSuI
Leisure,Adeptus Ridiculous,ADEPTUS RIDICULOUS,6KnaAHvqf0pgTs3Kw3qQTR
Leisure,ThinkNoodles and more!,DRUMBOYJ,2IZGUdGYOZ8cbAQWqhzglb
Leisure,MHA AUDIO,SOUNDFULMHA,7M5cUJ54wJDUCnopeGTsuo
Leisure,Ezzy's Archive,DUMB_CUM_SLVTü§ç,5FiXtFTn3Dawti5VPWvS3U
Leisure,üéÆTHE BEST GAMING PODCAST üéÆ,ERIKZATLER,24j1FazoEfzarm6j63fbv0
Leisure,Trash Taste Podcast,TRASH TASTE PODCAST,6i9SWtZPb30xVXWVHSKCqq
Leisure,‚ãÜ. hera‚Äôs nsfw audios êôö Àö,HERA ùúóùúö,0c3p3Ku0MIbHRzi4lQWF3n
Leisure,COD POD | The Official Call of Duty Podcast,CALL OF DUTY,0Nw6UaoLL2rMW3iOJegq7E
Leisure,Jacksepticeye,SE√ÅN WILLIAM MCLOUGHLIN,4mhqoq99nDBtYNmtnalo0F
Leisure,The GamerShark Podcast.,GAMERSHARKK,4MBSfPoTbCo1BE9sgxQ9Os
Leisure,Jacyy's nsfw audios! ‡≠®‡ßé,JAY,5hdx9GfjQ9TKB4cvBCeIsO
Leisure,Booze And Boos,BOOZE AND BOOS,43BJPjVXSUjpEKEdrS5KK3
Leisure,Sypherpk on Spotify,SYPHERPK,2vu2JEr7ARDJk2RrsLDnvA
Leisure,GameTime With Sunny And Melon,MUSICTHATSUCKS,7puToNhAqNM2bFmvyVLKGk
Leisure,Inspired Source,CRACKHEAD,5MqyCYNxMoUi59ojnh2UE0
Leisure,Just Roll With It - Members only,JUST ROLL WITH IT,4X4STbbB8vZ3b4D8J9Wpb0
Leisure,Just Roll With It,JRWI,5fB5yYxog6PhYsrWHDi8uY
Leisure,Minecraft Civilization,GREEN,1tUSagZveaFbzLUG4F9MMM
Leisure,LOS MAFIA PODCAST,LOS MAFIA GROUP,5IPdzHZtkFiFj9ZENLfQZj
Leisure,Girls Who Don‚Äòt DnD,GIRLS WHO DON‚ÄòT DND,41aQshQxilKrNbqGlmiu3Z
Leisure,Ac√° Entre Nozz,SONORO | AK√Å Y ALL√Å STUDIOZZ,11wnXFTA3PFEYHYTOvgDCT
Leisure,Travel Trends with Dan Christian,DAN CHRISTIAN,2YBAoSk0laixn1AjC3Y3zE
Leisure,DaBaddest Radio,DEAR MEDIA,3oup7L2AtUAdgh6wzVUpxU
Leisure,Safe Space ASMR,SAFE SPACE ASMR,1AzNSkk0trnKGMWVe0KAnZ
Leisure,Outdoor Boys,OUTDOOR BOYS UPLOADS,3MRSqJ0OIZyIVjzC6R4pgr
Leisure,Frugal Friends Podcast,IHEARTPODCASTS AND JEN SMITH & JILL SIRIANNI,2lCIV74T4u8cEca0Kz4opH
Leisure,aCookieGod Behind The Scenes,FEINT,3SQYmOVrm5ZWxPxb6vlvAb
Leisure,TRIVIA TIME,TRIVIA TIME PODCAST,6mIotwVPSzZwbTEnNJhiUt
Leisure,Anime ASMR Audios,[UNKNOWN],42iiJHRJWzVaulvR5MyJ9E
Leisure,Otaku's Anonymous,NICK CONNER &AMP; DANNY MOTTA,7lcjP2JhR3dt4raCOe3pY2
Leisure,GameTuber‚Äôs Podcast,STORMCYCLE,42uQG3ECkY2i3Fqvm2EjxQ
Leisure,Street Alpha Podcast,STREET ALPHA,0RlS3gOvpsfZBo4zuEdJUH
Music,The Joe Budden Podcast,THE JOE BUDDEN NETWORK,7G8X3uikqwAmvr92MHFZO6
Music,Song Exploder,HRISHIKESH HIRWAY,10lMwCjvzLCLwth2AW6cLG
Music,Dissect,SPOTIFY STUDIOS,2b025hq3gJ17tQdxS3aV43
Music,60 Songs That Explain the '90s,THE RINGER,0njxeKJKFtoJhCRF1ShmL4
Music,DISGRACELAND,DOUBLE ELVIS PRODUCTIONS,2HeA7PGBai6TQrZLOLzcEi
Music,One Song,SIRIUSXM,5HHEFjbW196ymwEuDa2BAx
Music,callie's cabin üêöüåä,CALLIE üå∫üêö,4BPpCRFseux3ywQuhzh2x7
Music,A History of Rock Music in 500 Songs,ANDREW HICKEY,7KGhTDsEpOgBAT24WfpTkk
Music,Bandsplain,THE RINGER,3uKSgODaDrtWOulcJp57h7
Music,The Wonder of Stevie,"HIGHER GROUND, PINEAPPLE STREET STUDIOS",1OLQgrozbl4sL6Hu3X8d4A
Music,Pillar chase 2 Themes!!,YOURIPHONE,1mg6v9Qu9acHlAHTrWciZY
Music,New Rory & MAL,"RORY FARRELL & JAMIL ""MAL"" CLAY & STUDIO71",0PQ2BNfTrA4NlXNm94mD8H
Music,All Songs Considered,NPR,10LYbliXlNZe1VStsTkcC0
Music,Hark! The stories behind our favorite Christmas carols,AMERICA MEDIA,5wyxnFiq9x5cnTRLCboMWv
Music,Music Student 101,BURNS/PHILLIPS,2i0z3AaD1LuuDBxx8HM7wg
Music,Drink Champs,THE BLACK EFFECT AND IHEARTPODCASTS,1CtRqrNGqpAttWyft6nVss
Music,Evolution of a Snake: The Taylor Swift Podcast,THE SNAKES & STUDIO71,70xT4aA9FayuPmrRAbMrSn
Music,Million Dollaz Worth Of Game,BARSTOOL SPORTS,2pBM5JEmMJ4DE7xddtXdZm
Music,Mavericks on the Mic,MAVERICK CITY MUSIC,3ErrBDWUDDiri0MTW5JZAS
Music,"Broken Record with Rick Rubin, Malcolm Gladwell, Bruce Headlam and Justin Richmo‚Ä¶",PUSHKIN INDUSTRIES,6UsuhRMTD9O71DznRP8540
Music,No Jumper,NO JUMPER,4z4yCTjwXa4an6sBGIe7m5
Music,karo's laughable audios (haikyuu x listener) (anime x listener) (original audios by YY/Ya‚Ä¶,KUROOSREALGF,26QYoFS5bJJkzrwtk3gUIv
Music,2F BBMs,2F,6nQp0redV9AFU5YtSdIekU
Music,Nicky at Night,NICKY,0WWqkpzdSCY7Sj6XlTROY1
Music,NFR Podcast,NFR PODCAST,6PswztvZsljtfTz3RlmsSo
Music,The Akademy,THE AKADEMY,6pYA7xSkQ8T7v3oAp60Jl4
Music,Ear Buds,JOEY AND LANDON,0L1GhxxvvTa3TTcBHqELeY
Music,ZonaVIPradio,"SALVADOR ABOYTES ""EL COMPA S""",7ulNqDSzORoyzF1FNNtiz7
Music,Off the Record with DJ Akademiks,THE AKADEMY,0u8NBMvWajLvc66r9NsJJs
Music,Tape Notes,IN THE WOODS,5Br33snnJU90k2NcYskuM9
Music,God's Country,IHEARTPODCASTS AND MEATEATER,2OtF7GsDi7B7GFZiYUOyZ7
Music,Brown Bag Mornings,POWER 106,0tnFAOk1lPpo3yC0lwme5J
Music,No Dogs in Space,THE LAST PODCAST NETWORK,7pg4bQx8OsDIiDFZ7XtKy0
Music,Switched on Pop,VULTURE,1sgWaKtQxwfjUpZnnK8r7J
Music,THE MORNING SHIFT,YOUKNOW MEDIA,1ezJJbZz2kKkoVpDwJRWj0
Music,Questlove Supreme,IHEARTPODCASTS,6X0ThBWpiPUplNxoaa7SMx
Music,Celebrity Jobber Podcast with Jeff Zito,PODCAST PLAYGROUND,2iWxU2DlPmGPk4b02EJPDI
Music,Rolling Stone Music Now,ROLLING STONE | CUMULUS PODCAST NETWORK,0jCfnXfdYhwIM2I4x7SxZx
Music,Dem Vinyl Boyz,PODCAST PLAYGROUND,0nOjEXuDGw2f8K5p8D35et
Music,The Greatest Pop Stars of the 21st Century,BILLBOARD,2jOspBN4m5GVcjFcPM9K1y
Music,Lost Notes: Groupies,KCRW,7mwisoVVp4UTqxvDq1zePg
Music,"GET REAL S4 w/ Ashley, BM, JUNNY, and PENIEL",DIVE STUDIOS,1p42GLS0xVHfEe4ASWQKj2
Music,El Bordo Mx podcast,FERNANDO PUENTE,2dWRQUCPIbt7hOLSsadA7a
Music,Dolly Parton's America,WNYC STUDIOS & OSM AUDIO,0dfJjJyNxF9iW7zmBtLnBf
Music,The Yacht or Nyacht Podcast,"JD RYZNAR, STEVE HUEY, DAVE LYONS, HUNTER STAIR",0dyW8Lu03naH4ZPy2pblJG
Music,Swiftie School,REAGAN BAYLEE,2H3uYlqPHHGBS6nP661kjL
Music,Let's Ask Taylor Swift,NOT SORRY PRODUCTIONS,53rRTl0No74x8HfXklUNAy
Music,Life of the Record,LIFE OF THE RECORD / TALKHOUSE,4Vlfbp0p2hefLPRa5mZPzj
Music,Ebro in the Morning Podcast,HOT 97,0dwB954oUXUr2Aje1tlRgX
Music,The Bigger Picture,UPROXX,1qnAk8Ti0GPKVtCz9epYXy
News,The Tucker Carlson Show,TUCKER CARLSON NETWORK,5L2ON33kXa2b7laBpCAgOI
News,The Megyn Kelly Show,SIRIUSXM,0awxEJH88Xur0GHXuteBLw
News,Candace,CANDACE OWENS,6QdzTqSvD4KoLdrOqkFkPE
News,Up First from NPR,NPR,2mTUnDkuKUkhiueKcVWoP0
News,Pod Save America,CROOKED MEDIA,5JGorGvdwljJHTl6wpMXN3
News,Dan Bongino Show,CUMULUS PODCAST NETWORK | DAN BONGINO,4sftHO603JaFqpuQBEZReL
News,The Ben Shapiro Show,THE DAILY WIRE,1WErgoXiZwgctkHLzqU6nf
News,NPR News Now,NPR,6BRSvIBNQnB68GuoXJRCnQ
News,The Charlie Kirk Show,CHARLIE KIRK,0LLIIAYfTJ0axsrOcgsE0V
News,The Journal.,THE WALL STREET JOURNAL,0KxdEdeY2Wb3zr28dMlQva
News,The Headlines,THE NEW YORK TIMES,0pymDUChxmrkH41tOT33Uc
News,The President's Daily Brief,THE FIRST TV,6VpV9ZlbQTzMngKilhJlZs
News,Global News Podcast,BBC WORLD SERVICE,3wBfqov60qDZbEVjPHo0a8
News,TRIGGERnometry,TRIGGERNOMETRY,1JH26td5UtmKQWHLv0NCZp
News,The MeidasTouch Podcast,MEIDASTOUCH NETWORK,34NcOzUEJs0T5DaUeYLfFl
News,Morning Wire,THE DAILY WIRE,3YMFdNqoNtVcCBKSUvjr8n
News,"Today, Explained",VOX,3pXx5SXzXwJxnf4A5pWN2A
News,The Matt Walsh Show,THE DAILY WIRE,1LeIhhawEPWj4uVLQV8Lkd
News,Part Of The Problem,GAS DIGITAL NETWORK,4PDjBO99JcroatAr4AKeXG
News,The Bulwark Podcast,THE BULWARK,0BDNfTFMPd7o5rhqmUAFz1
News,Daily Crypto News,"MATT DIEMER: BITCOIN, BLOCKCHAIN, CRYPTO, ETHEREUM, NFT, DAILY, NEWS, WEB 3.0",3ErV4y8duq3AF2yIZgki1R
News,HasanAbi,HASANABI,1xZs10LJetFdRiyOTGLM32
News,WSJ What‚Äôs News,THE WALL STREET JOURNAL,59176gU8vcFho6Sc1dm3Lu
News,The Glenn Beck Program,BLAZE PODCAST NETWORK,3ljAZqaEXyT2MAC8hfO0cR
News,Breaking Points with Krystal and Saagar,IHEARTPODCASTS,4Kbsy61zJSzPxNZZ3PKbXl
News,Pivot,NEW YORK MAGAZINE,4MU3RFGELZxPT9XHVwTNPR
News,Fox News Hourly Update,FOX NEWS RADIO,6IXn2rWLGMcVVEOELvA8Hw
News,The Michael Knowles Show,THE DAILY WIRE,3TdABllOVzlzharkEdaiWg
News,Raging Moderates with Scott Galloway and Jessica Tarlov,VOX MEDIA PODCAST NETWORK,2Kh9t2fiR7kE601GH36ajN
News,Letters from an American,HEATHER COX RICHARDSON,2NAihO3xHMQr64EnvpvHDl
News,Economist Podcasts,THE ECONOMIST,2ZFDmgDS2Z6xccP51s1zFQ
News,The NPR Politics Podcast,NPR,2PnWnDNwU3wKesCHCpy252
News,Wall Street Breakfast,SEEKING ALPHA,05uLjJxkVgQsRk8LWLCLpx
News,The Victor Davis Hanson Show,VICTOR DAVIS HANSON AND JACK FOWLER,5pmfHJqJDIRkbZuRqZyRIE
News,The Fox News Rundown,FOX NEWS RADIO,7A4YfyFtNOZhqMV7F3kYVu
News,Consider This from NPR,NPR,3Z6JdCS2d0eFEpXHKI6WqH
News,Breaking Points with Krystal and Saagar,SAAGAR ENJETI,2togMvVQ0F4mXQmbwuFs4K
News,System Update with Glenn Greenwald,RUMBLE,7nIQct5mbPPYV4dFiseLWv
News,Tangle,ISAAC SAUL,1V7PO7UQFkc47ZoAmYGpdu
News,Tim Pool Daily News,TIMCAST MEDIA,72DYxylE1xOfhGWDQBgGkh
News,Pod Save the World,CROOKED MEDIA,0H9o8kgwaWo2jEVdyMFWzz
News,The Rest Is Politics: US,GOALHANGER,1OY3nyGYqjIO4aWMW2feLy
News,Bill O‚ÄôReilly‚Äôs No Spin News and Analysis,BILL O'REILLY,7HOC3eefRfwoJp8oQxt8ZQ
News,IHIP News,JENNIFER WELCH & ANGIE SULLIVAN,4gnbg5moE7d882Ag5Yhiz2
News,The Rachel Maddow Show,"RACHEL MADDOW, MSNBC",7yfYvyKNKAuuqSX3PVyRYi
News,Piers Morgan Uncensored,PIERS MORGAN UNCENSORED,31ZL74w0W9CUGHFWZPGDf5
News,Louder with Crowder,LOUDER WITH CROWDER,2HQ0xANSYpBvxvsEMuYxP9
News,The Wide Open,MONTANA PUBLIC RADIO,10yERb9AvkSko6RxwPEBYU
News,Mark Levin Podcast,CUMULUS PODCAST NETWORK,0FR2gpEg3X894l78XzYFjf
News,The Rubin Report,DAVE RUBIN,40MKOGQ99YLZvgR2KYHmHl
Religion & Spirituality,The Bryce Crawford Podcast,BRYCE CRAWFORD,6X8GCOmG1dH54RleBqm4up
Religion & Spirituality,Girls Gone Bible,GIRLS GONE BIBLE,1JOq4FadXo52EqtRbI9Nxl
Religion & Spirituality,The Bible in a Year (with Fr. Mike Schmitz),ASCENSION,4Pppt42NPK2XzKwNIoW7BR
Religion & Spirituality,Bible: Beginning to End,BIBLE BEGINNING TO END,2pxmt7sks4OXF6YIUIcWO1
Religion & Spirituality,WHOA That's Good Podcast,SADIE ROBERTSON HUFF,4n8I02c8M5QlgKSNR9IUbJ
Religion & Spirituality,Christ With Coffee On Ice,ALLY YOST,092Y8BQe0lz6dCsdCTZkPG
Religion & Spirituality,Ten Minute Bible Talks Devotional Bible Study,TEN MINUTE BIBLE TALKS,5XT5lbnmEzXOj6Bcsb2Ivk
Religion & Spirituality,BibleProject,BIBLEPROJECT PODCAST,6f2oD3RtQY1rOeyfF2OeOa
Religion & Spirituality,Joel Osteen Podcast,"JOEL OSTEEN, SIRIUSXM",7wIDnmJ41exqZZ5GnsBGDS
Religion & Spirituality,Elevation with Steven Furtick,IHEARTPODCASTS,6nLlNUMm4VuZE1ln9oOJvy
Religion & Spirituality,Unashamed with the Robertson Family,BLAZE PODCAST NETWORK,5WJMF8yNUljQQgOip4hOGU
Religion & Spirituality,The Exorcist Files,"RYAN BETHEA, FR. CARLOS MARTINS",4Rs76ZgP5iIwZCs51oHdvk
Religion & Spirituality,Saved Not Soft,EMY MOORE,5oY4LlCJRtuzCAH9MelvcY
Religion & Spirituality,The Fr. Mike Schmitz Catholic Podcast,ASCENSION,2oQATctoAaFiS8bT596v9G
Religion & Spirituality,Psalms & Psychology,REEMA ANGELIQUE,4fxplnZg0pYYzo1ap0gxTD
Religion & Spirituality,Billy Graham,BILLY GRAHAM,7diQXayWem1fq7rJTCDUAT
Religion & Spirituality,Haunted Cosmos,BEN GARRETT & BRIAN SAUV√â,02jkbvHFUaOqNDZDBuwc1I
Religion & Spirituality,Stay True with Madison Prewett Troutt,MADISON PREWETT TROUTT,3vuNBdGxax8N59ZptOkJ9O
Religion & Spirituality,The Bible Recap,TARA-LEIGH COBBLE,2lWv2RlsyMSMzerbAb1uOx
Religion & Spirituality,The David Ghiyam Podcast,DAVID GHIYAM,2w0QPVrnD1HJXqOkgH8ynS
Religion & Spirituality,2819 Church Sermons,2819 CHURCH,7pNN7lCLCLGqEJR07vxOl1
Religion & Spirituality,Astrology of the Week Ahead with Chani Nicholas,CHANI,7hpCJfE2JItPqOj8AgONCp
Religion & Spirituality,She Reads Truth Podcast,SHE READS TRUTH,6DeHoE7HvWR0AAA5LV313d
Religion & Spirituality,Timothy Keller Sermons Podcast by Gospel in Life,TIM KELLER,5hYDVSeY9KWSpkI4YlSzKF
Religion & Spirituality,The BEMA Podcast,BEMA DISCIPLESHIP,0g3Io9OkiFPEyvEPwXqaiq
Religion & Spirituality,Dante Gebel Live,DANTE GEBEL,0Ds5tB7EhMuZOGhM3Xfuoy
Religion & Spirituality,The Candace Cameron Bure Podcast,CANDYROCK,318wtVuqjFQRNwYXHuHW3W
Religion & Spirituality,Men's Bible Study,PASTOR JOHN MARK CATON,33Lj9VM8iXo9nNrTQF6Xv0
Religion & Spirituality,Tara Brach,TARA BRACH,37McjD0j2cdu4GExcFQgm0
Religion & Spirituality,With The Perrys,THE PERRYS,0hLWWWvKUFrMEmqiqaxcpD
Religion & Spirituality,Michael Singer Podcast,MICHAEL SINGER,4WK5XGUq8CxJkeILLur2LW
Religion & Spirituality,followHIM,HANK SMITH & JOHN BYTHEWAY,15G9TTz8yLp0dQyEcBQ8BY
Religion & Spirituality,Renewing Your Mind,LIGONIER MINISTRIES,1Nz5qhkuLv2I1Dd9fXJDQ3
Religion & Spirituality,The Deep End With Lecrae,LECRAE,6uFRkLWcSuVtEnmFNUfpMl
Religion & Spirituality,Becoming Something with Jonathan Pokluda,HARRIS CREEK BAPTIST CHURCH,5hTcX94ndrBcGAXqN15uXc
Religion & Spirituality,Bedtime Bible Stories for Adults,HEATHER CRESPIN,03WNuBkbt4zkGcpOZHJ47m
Religion & Spirituality,Sunday Homilies with Fr. Mike Schmitz,ASCENSION,1CK5AHgLneCo2sE17UOfdV
Religion & Spirituality,Ask Pastor John,DESIRING GOD,5vPg9kNdtiKdsjAaox2jOC
Religion & Spirituality,John Mark Comer Teachings,PRACTICING THE WAY,7dHIByUQ588Li9pUtv0TDn
Religion & Spirituality,The Catechism in a Year (with Fr. Mike Schmitz),ASCENSION,3CjutriXszixd0ssjSkx72
Religion & Spirituality,Ram Dass Here And Now,RAM DASS / LOVE SERVE REMEMBER,3Dz4DL2ZMvnNQUnDSXqSdm
Religion & Spirituality,Pints With Aquinas,MATT FRADD,312eXMI31liKUHSx6U5p1H
Religion & Spirituality,In Totality with Megan Ashley,MEGAN ASHLEY,43uMNm1dHhrg0iFdw4aKG6
Religion & Spirituality,Life.Church with Craig Groeschel,LIFE.CHURCH,4NPcpFYx1c1kbMh8AEqdA9
Religion & Spirituality,Daily Radio Program with Charles Stanley - In Touch Ministries,DR. CHARLES STANLEY,7tzlFaYU7i3Bf8D9iuDTkp
Religion & Spirituality,Shadows & Secrets Podcast,AKOYA BLAKE,4cN4TZLwYuRvxiWgLsx4jt
Religion & Spirituality,The Way Out Is In,PLUM VILLAGE,5KhMVavoTzH3ssVZTVJNwI
Religion & Spirituality,House of Jacob Podcast,BRAXTEN MECHAM,4c9eq2xxOJ1eknr1O13s12
Religion & Spirituality,Joyce Meyer Enjoying Everyday Life¬Æ TV Audio Podcast,JOYCE MEYER MINISTRIES,525jKxXqHKgPGEWI02GJIA
Religion & Spirituality,Abide Bible Sleep Meditation,ABIDE BIBLE SLEEP MEDITATION,6rlk9Y9Zm5cxv0fYkGQTu3
Science,Science Vs,SPOTIFY STUDIOS,5lY4b5PGOvMuOYOjOVEcb9
Science,StarTalk Radio,NEIL DEGRASSE TYSON,1mNsuXfG95Lf76YQeVMuo1
Science,Hidden Brain,"HIDDEN BRAIN, SHANKAR VEDANTAM",20Gf4IAauFrfj7RBkjcWxh
Science,Ologies with Alie Ward,ALIE WARD,5nvRkVMH58SelKZYZFZx1S
Science,Radiolab,WNYC STUDIOS,2hmkzUtix0qTqvtpPcMzEL
Science,Making Sense with Sam Harris,SAM HARRIS,5rgumWEx4FsqIY8e1wJNAk
Science,Blurry Creatures,BLURRY CREATURES,5uPilMKgeZRAJ2AVwSdFRL
Science,The Science of Everything Podcast,JAMES FODOR,2hqSzWW1GFAyugtjNxfgcR
Science,This Podcast Will Kill You,EXACTLY RIGHT MEDIA ‚Äì THE ORIGINAL TRUE CRIME COMEDY NETWORK,7cujpkzRygYyLylnv5SVFu
Science,Sasquatch Chronicles,SASQUATCH CHRONICLES - BIGFOOT ENCOUNTERS,4jriVXIcI6g4ZUVGsS1JqB
Science,Unexplainable,VOX,0PhoePNItwrXBnmAEZgYmt
Science,Tooth & Claw: True Stories of Animal Attacks,"WES LARSON, JEFF LARSON, MIKE SMITH | QCODE",5Dyi1niZbQWaPezfiBu2tK
Science,DarkHorse Podcast | Bret Weinstein and Heather Heying,BRET WEINSTEIN AND HEATHER HEYING,57R7dOcs60jUfOnuNG0J1R
Science,Making Sense with Sam Harris - Subscriber Content,SAM HARRIS,6GSnbFz5qzNuKnLmGzQbPc
Science,The Confessionals,MERKEL MEDIA,6yBCU7lgu6TdgaRJ23yEUp
Science,The Resetter Podcast,"DR. MINDY PELZ, FASTING AND KETO PRO",6j6ML4pYocMLahMODUtYt5
Science,WEAPONIZED with Jeremy Corbell & George Knapp,JEREMY CORBELL AND GEORGE KNAPP,1FRpoWQkWtwHdOgwho3iZG
Science,Science Friday,SCIENCE FRIDAY AND WNYC STUDIOS,5UpA5Uw23B6bukC0TABffC
Science,MinuteEarth,MINUTE EARTH,4UAIynceNXkp3zNjUV5IyH
Science,UAP Unidentified Alien Podcast,HUBBARD PODCASTS,5hTisJljTVk2VnGvxgRFSJ
Science,HOLOSKY PODCAST,HOLOSKY PODCAST,5FNPnUGkutBS4s5YT7AJaC
Science,ExtinctZoo,EXTINCTZOO,0KvuZJgXfOGanBRuq6B9dm
Science,Psychiatry & Psychotherapy Podcast,"DAVID PUDER, M.D.",3DYkrmcLjfgHWbkoUWNmVF
Science,Short Wave,NPR,2rTT1klKUoQNuaW2Ah19Pa
Science,Paranormal Mysteries,NIC RYAN MEDIA | UNEXPLAINED SUPERNATURAL STORIES,1ynLtXtrIRpTuYSE6KEF96
Science,That UFO Podcast,THAT UFO PODCAST,1ZKd55G0F5RgvOafSZcOYv
Science,"Sean Carroll's Mindscape: Science, Society, Philosophy, Culture, Arts, and Ideas",SEAN CARROLL | WONDERY,622lvLwp8CVu6dvCsYAJhN
Science,The Weirdest Thing I Learned This Week,POPULAR SCIENCE,1l3aIVJ1FVrHSixsgrJ1f4
Science,MCAT Basics (from MedSchoolCoach),MEDSCHOOLCOACH,01k1ICEBLfnu7EFZp5OqoR
Science,Instant Genius,OUR MEDIA,6ZEqk3r5BoD8nNDiWto6sI
Science,Speaking of Psychology,AMERICAN PSYCHOLOGICAL ASSOCIATION,3E8WE4UaaFu0XmWn1hE4Z1
Science,The UFO Rabbit Hole Podcast,KELLY CHASE,7KnyktIs059pbVdccD020D
Science,Just the Zoo of Us,ELLEN & CHRISTIAN WEATHERFORD,65tFpuBodBJAokryEYlhF3
Science,Undoctrinate Yourself,UNDOCTRINATE YOURSELF,6GGraBZIu7PP4OMaUrzHoy
Science,Overheard at National Geographic,NATIONAL GEOGRAPHIC,4laFHrpXGUzb9A2mWpnQMd
Science,Mysterious Universe,8TH KIND,2jUIHJh8tpRxk6YLafhswz
Science,Public Health is Dead,PUBLIC HEALTH IS DEAD,3syd34naVX81GnrXn6X516
Science,The Couples Therapist Couch,SHANE BIRKEL,0otDmfAYSUaEjBoYOxQCL7
Science,Neuroscience: Amateur Hour,NEUROSCIENCE: AMATEUR HOUR,7kvQ9T48VqD4RkzotxdRiX
Science,The Psychology Podcast,IHEARTPODCASTS,4POIiQQjnQOuz0AqnLk3KZ
Science,Crash Course Pods: The Universe,"CRASH COURSE PODS, COMPLEXLY",5sdOcHY6d4Q6slJ7PCu5Oc
Science,The Infinite Monkey Cage,BBC RADIO 4,6Ijz5uEUxN6FvJI49ZGJAJ
Science,The Science of Happiness,PRX AND GREATER GOOD SCIENCE CENTER,4dq0wmiZlk58Eu0NcqgWei
Science,The Marginal Revolution Podcast,MERCATUS CENTER AT GEORGE MASON UNIVERSITY,25RgiYGeqsnBjAvAOtcJ3z
Science,The Hamilton Morris Podcast,HAMILTON MORRIS,0zbW6aQyUXyM2mVa8r1VvO
Science,Into the Impossible With Brian Keating,BIG BANG PRODUCTIONS INC.,2G3PRMUhxGQkyQzLiiCqlf
Science,SciShow Tangents,COMPLEXLY,22OJWsluntwDB1siMFIA9V
Science,Kosmographia,RANDALL CARLSON,3LCp5EsQaFNbU8uLwIAT4Q
Science,Believing the Bizarre: Paranormal Conspiracies & Myths,TYLER AND CHARLIE,2WLbMETkG4923FX6h2x2KR
Science,GraveYard Tales,ADAM BALLINGER & MATT RUDOLPH,2fNv8BXAx13tV3Zkhcj95P
Society & Culture,Shawn Ryan Show,SHAWN RYAN,5eodRZd3qR9VT1ip1wI7xQ
Society & Culture,Modern Wisdom,CHRIS WILLIAMSON,0XrOqvxlqQI6bmdYHuIVnr
Society & Culture,Not Loveline,TANA MONGEAU AND TRISH PAYTAS,5JmVhyCLv8EnX4x8lXU3BB
Society & Culture,CreepCast,WENDIGOON & MEATCANYON,5Pjt7qlcii0gLqvccowYhs
Society & Culture,The Way I Heard It with Mike Rowe,THE WAY I HEARD IT WITH MIKE ROWE,5cqHs2kCabyijuKOSN2QUS
Society & Culture,Stuff You Should Know,IHEARTPODCASTS,0ofXAdFIQQRsCYj9754UFx
Society & Culture,What Now? with Trevor Noah,SPOTIFY STUDIOS,122imavATqSE7eCyXIcqZL
Society & Culture,The Telepathy Tapes,KY DICKENS,1zigaPaUWO4G9SiFV0Kf1c
Society & Culture,The Why Files: Operation Podcast,THE WHY FILES: OPERATION PODCAST,2hm3NRGFO5rRVDEhA0stZI
Society & Culture,Locked In with Ian Bick,IAN BICK,2UjiFLVz77x1TQ2V7bsrJv
Society & Culture,Let's Be Honest with Kristin Cavallari,DEAR MEDIA,6uEoGrg54MzAHY2okUPyJb
Society & Culture,This American Life,THIS AMERICAN LIFE,41zWZdWCpVQrKj7ykQnXRc
Society & Culture,The Nikki & Brie Show,SIRIUSXM,3SaO6Y4FJnuAby0l79Dp5P
Society & Culture,Hot Mess with Alix Earle,UNWELL,6cRP8gclqWDfA9pkKsqDPv
Society & Culture,First Date Follow Up - The Jubal Show,THE JUBAL SHOW,2GGgS0ZbK0QuIr6zqgxqoL
Society & Culture,The Wirecutter Show,THE NEW YORK TIMES,2OanhZTRMZhn004ln8ikyj
Society & Culture,Danny Jones Podcast,DANNY JONES,4VTLG0HiIZaCjH9gE6NFPq
Society & Culture,Freakonomics Radio,FREAKONOMICS RADIO + STITCHER,6z4NLXyHPga1UmSJsPK7G1
Society & Culture,Cancelled with Tana Mongeau & Brooke Schofield,CANCELLED & AUDIOBOOM STUDIOS,3HaUSQyHM1LNcOZEsG4Be6
Society & Culture,The Comments Section with Brett Cooper,THE DAILY WIRE,1ZPQSEIADOCw4xpI5zn6Mx
Society & Culture,Against the Rules with Michael Lewis,PUSHKIN INDUSTRIES,5vaBQ06qUNNU5w90KMnqw8
Society & Culture,Where Should We Begin? with Esther Perel,ESTHER PEREL GLOBAL MEDIA,3fKOTwtnX5oZLaiNntKWAV
Society & Culture,Behind the Bastards,COOL ZONE MEDIA AND IHEARTPODCASTS,0rOatMqaG3wB5BF4AdsrSX
Society & Culture,Honestly with Bari Weiss,THE FREE PRESS,0GRPAKeSMASfbQ7VgNwYCR
Society & Culture,A Bit Fruity with Matt Bernstein,MATT BERNSTEIN,6eHVj5xWPLDQljOg9mJkWO
Society & Culture,Wartime Stories,BALLEN STUDIOS,23Xmy3AvSXKIiHDnaysyN8
Society & Culture,Radio Rental,TENDERFOOT TV & AUDACY,18WzIf6SqovUQHHTeZaucQ
Society & Culture,We Can Do Hard Things,GLENNON DOYLE AND AUDACY,0eFL5HJejQHZrdgAFdPnOm
Society & Culture,Hyperfixed,HYPERFIXED & RADIOTOPIA,3F6SdD9PuU6e2L2i80FM4d
Society & Culture,Otherworld,OTHERWORLD,1w0bwmnSZQLnMbVtr2RUg1
Society & Culture,Hysterical,WONDERY | PINEAPPLE STREET STUDIOS,3AolMVaJgKVScNIsmoMkB4
Society & Culture,Where Everybody Knows Your Name with Ted Danson and Woody Harrelson (someti‚Ä¶,"TEAM COCO & TED DANSON, WOODY HARRELSON",6IFupHjWX5j7mPxzETjnYT
Society & Culture,Revisionist History,PUSHKIN INDUSTRIES,2LOJaYKijiwNefCvzczyib
Society & Culture,Philosophize This!,STEPHEN WEST,2Shpxw7dPoxRJCdfFXTWLE
Society & Culture,Date Yourself Instead,LYSS BOSS,6ie2ywivlNvFCO8LLJYgo7
Society & Culture,All There Is with Anderson Cooper,CNN,4fm93OGs4upQbKv8hngvmH
Society & Culture,Brooke and Connor Make A Podcast,TMG STUDIOS,0zzyfgW2qW6y6w5molhrps
Society & Culture,Noble,WAVLAND,2rnCICsogUiXG1Aj0iJWXq
Society & Culture,Rise Above with Kevin Lanning,KEVIN LANNING,1VkmxO9E8kAvUJa3h0kPFD
Society & Culture,If Books Could Kill,MICHAEL HOBBES & PETER SHAMSHIRI,2khJBoF73ujIATWUFtSxLD
Society & Culture,Pretty Lonesome with Madeline Argy,UNWELL,3oj90mfo368jASvFcz7gn4
Society & Culture,The Happiness Lab with Dr. Laurie Santos,PUSHKIN INDUSTRIES,3i5TCKhc6GY42pOWkpWveG
Society & Culture,Disturbed: True Horror Stories,EVERGREEN PODCASTS,7rjhJRo2vQ8E5PiSjzqeuw
Society & Culture,Lights Out Library: Sleep Documentaries,OLIMPIA,2KZFL3Lzi64OC0SjZeNoyo
Society & Culture,Comfort Level Podcast,COMFORT LEVEL PODCAST,03wePk2vWbrmyvretH9gTl
Society & Culture,Lightweights Podcast,JOE VULPIS,0H0wtyDdTV1F9hYhh4KaFT
Society & Culture,Jillian on Love,JILLIAN TURECKI | QCODE,2qy9p5oXD7keoBQQzk1e1z
Society & Culture,Unexplained Encounters,EERIECAST NETWORK,3mNZyXkaJPLwUwcjkz6Pv2
Society & Culture,A Better You by Fernanda Ramirez,FERNANDA RAMIREZ,4WqkxebfVwX1hg9hYdikS3
Society & Culture,Diabolical Lies,KATIE GATTI TASSIN & CARO CLAIRE BURKE,2O1NJgUkaXBfSQHsdss7vA
Sports,New Heights with Jason & Travis Kelce,WONDERY,1y3SUbFMUSESC1N43tBleK
Sports,Pardon My Take,BARSTOOL SPORTS,5ss1pqMFqWjkOpt6Ag0fZW
Sports,The Sheet with Jeff Marek,THE NATION NETWORK,5dvPRN9qkqAWlXqxaou1kX
Sports,The Bill Simmons Podcast,THE RINGER,07SjDmKb9iliEzpNcN2xGD
Sports,The Pat McAfee Show,"PAT MCAFEE, ESPN",1ol0jP8hrNHydiAd38G6B1
Sports,The Joel Klatt Show: A College Football Podcast,FOX SPORTS,4Bz7L7MWImCl1fdhDPCkPq
Sports,The McShay Show,THE RINGER,6b22qPe8Q4uV8YB9QbKuEr
Sports,Josh Pate's College Football Show,CBS SPORTS,553DKKHsBSCOkrZdppJpeB
Sports,The MeatEater Podcast,MEATEATER,4WkDOrAK3uASgK2PRF7j9M
Sports,Six Feet Under with Mark Calaway,UNDERSCORE TALENT,3uarmgfHog5nqSqKc8r82Y
Sports,Spittin Chiclets,BARSTOOL SPORTS,7IWzayPhHif6GhgtTQdB84
Sports,Club Shay Shay,"IHEARTPODCASTS, THE VOLUME, AND SHAY SHAY MEDIA",060hDdnydsJyMi17TmvyAh
Sports,Fantasy Footballers - Fantasy Football Podcast,FANTASY FOOTBALL,5RaNsb5sKEBleahQa4MVC5
Sports,Cover 3 College Football,"CBS SPORTS, COLLEGE FOOTBALL, FOOTBALL, CFB, COLLEGE FOOTBALL PICKS",5uG5ewansFcP5sTrISkeuU
Sports,Nightcap,"IHEARTPODCASTS, THE VOLUME, AND SHAY SHAY MEDIA",1oT5FXfK3tRy09hjMVJVmd
Sports,Dudes on Dudes with Gronk and Jules,IHEARTPODCASTS,27fylRXQCkiiSpo0KqHwxB
Sports,Club 520 Podcast,"IHEARTPODCASTS, THE VOLUME, AND SHAY SHAY MEDIA",7ez8SsDDKbf0q5vaH2ulJf
Sports,The Ryen Russillo Podcast,THE RINGER,2XdegS23ImVZldex799DUS
Sports,The Ringer Fantasy Football Show,THE RINGER,0XLPhMzcKmxoNziHkVkYpR
Sports,The Herd with Colin Cowherd,IHEARTPODCASTS AND THE VOLUME,7rq03nfUFD5KrpiBQ9fals
Sports,Unfiltered Soccer with Landon Donovan and Tim Howard,"LANDON DONOVAN, TIM HOWARD",3ak5HbjEa8KNTBE31vL8EM
Sports,First Take,"ESPN, STEPHEN A. SMITH, MOLLY QERIM ROSE",5LUnGGXpNoeaH1K0tWdLiB
Sports,Insight with Chris Van Vliet,BLUE WIRE,3HZIDDQdhda1c8PvKBPOTn
Sports,Games with Names,IHEARTPODCASTS,2XCaxqeyDJF9VrNW0ViPo3
Sports,Unnecessary Roughness,BARSTOOL SPORTS,5BP5r9KH84I0kCNTHUX5Tw
Sports,The Red Flags Podcast,RED FLAGS MEDIA,3AQS9qSsPgqNY3b8hrvyHT
Sports,Glory Daze with Johnny Manziel,ALMOST FRIDAY MEDIA,5msEajFbkAv1fnWeDA3PNJ
Sports,CHGO Chicago Bears Podcast,"ALLCITY NETWORK, CHGO SPORTS",6FukE7PGbZveokbP87qZ9T
Sports,ESPN College Football,ESPN,1X86WehJvsqSF45eFqLkeI
Sports,The Kevin O'Connor Show,YAHOO SPORTS,6Phxh0Ph8yzn7pyuspWWzq
Sports,Kylie Kelce,QUIET. PLEASE,1MAS5vywItwm8WjmzaVFr8
Sports,Bussin' With The Boys,BARSTOOL SPORTS,55wzNQYr7gYXbsiIeTQTrg
Sports,The Deep 3 Podcast,ISAAC GUTIERREZ,3elbbqVumwqz8wlIdknsLW
Sports,Numbers on The Board,"OMAHA PRODUCTIONS, ESPN, ENJOY BASKETBALL",75phwidXkINvLRIlTK6X4v
Sports,Talkin' Baseball (MLB Podcast),JOMBOY MEDIA,09USaYF2LTQpNwBXnFGbAT
Sports,Mostly Sports With Mark Titus and Brandon Walker,BARSTOOL SPORTS,0eJdYO923ory6MIvZpoSVV
Sports,Go! My Favorite Sports Team,GO! MY FAVORITE SPORTS TEAM,4Hn3qhWe5NqnhLFKytyfFW
Sports,The Southern Outdoorsmen Hunting Podcast,ANDREW MAXWELL & JACOB MYERS,2uJ1luINFGX0o0FKfJy33j
Sports,F1: Beyond The Grid,FORMULA 1,44YvwJyqsCEEhNZBxuXZQ9
Sports,The Rich Eisen Show,THE RICH EISEN SHOW | CUMULUS PODCAST NETWORK,12yRoffMbY4weFzsSvxor6
Sports,Herm & Schrader,"SIRIUSXM, DIRTY MO MEDIA",3NyfGTJ8TUWNQLUJcvHPEq
Sports,The Ringer NBA Show,THE RINGER,5jUeKBONOmKJivqrRoIDJn
Sports,THE Podcast: Ohio State Football News,"AUSTIN WARD, BILL LANDIS, JEREMY BIRMINGHAM, DOUG LESMERISES",0OoXl0DRJD2qDi4WwEglwm
Sports,The St. Brown Podcast,THE 33RD TEAM,6a5xUdNig8DQGsSGRlyi9a
Sports,P1 with Matt and Tommy,STAK,20La1QIIVElT4mkc046AIV
Sports,KSR,IHEARTPODCASTS AND SPORTS TALK 790 (WKRD-AM),3cC4WCo3dRyk9OIGB0I3eV
Sports,"Some Work, All Play",DAVID ROCHE AND MEGAN ROCHE,3AaJYZngimocFf8aztKTcO
Sports,The Dan Le Batard Show with Stugotz,"DAN LE BATARD, STUGOTZ",2FuorRyd1NSURMWW9Ab7lj
Sports,7PM in Brooklyn with Carmelo Anthony,WAVE SPORTS + ENTERTAINMENT,4sEy5p87mJ002F3NGsKIpq
Sports,Jocks in Jills,JOCKS IN JILLS,4nxMBqMkMkLLqye8vV0nnP
Technology,Lex Fridman Podcast,LEX FRIDMAN,2MAi0BvDc6GTFvKFPXnkCL
Technology,Acquired,BEN GILBERT AND DAVID ROSENTHAL,7Fj0XEuUQLUqoMZQdsLXqp
Technology,"All-In with Chamath, Jason, Sacks & Friedberg","ALL-IN PODCAST, LLC",2IqXAVFR4e0Bmyjsdc8QzF
Technology,Jesse Michels,JESSE MICHELS,1WqA0m5xTcp4n6qmCQfS2K
Technology,Darknet Diaries,JACK RHYSIDER,4XPl3uEEL9hvqMkoZrzbx5
Technology,Search Engine,PJ VOGT,76VOmPpOHaTyA1OaRc4BDv
Technology,The Ben & Marc Show,"MARC ANDREESSEN, BEN HOROWITZ",4cClWCThDuE93vskhNQ1Y1
Technology,The AI Daily Brief (Formerly The AI Breakdown): Artificial Intelligence News and Anal‚Ä¶,NATHANIEL WHITTEMORE,7gKwwMLFLc6RmjmRpbMtEO
Technology,BG2Pod with Brad Gerstner and Bill Gurley,BG2POD,3dVqgYXN29DwwnqdY3YsCk
Technology,Panic World,GARBAGE DAY,3ENULyCjT7TiHLCwnMJpWs
Technology,Bankless,BANKLESS LLC,41TNnXSv5ExcQSzEGLlGhy
Technology,a16z Podcast,ANDREESSEN HOROWITZ,5bC65RDvs3oxnLyqqvkUYX
Technology,Lenny's Podcast: Product | Growth | Career,LENNY RACHITSKY,2dR1MUZEHCOnz1LVfNac0j
Technology,TED Radio Hour,NPR,1vfOw64nKjQ8LzZDPCfRaO
Technology,Freethink,FREETHINK,23WoXyMLNxGJ9cjWgio5pU
Technology,Better Offline,COOL ZONE MEDIA AND IHEARTPODCASTS,2dBPt1j2DoNij1kVdx8Ig6
Technology,Thinking Crypto News & Interviews,TONY EDWARD,221AV5A65v7uYEsuMviVKl
Technology,Everyday AI Podcast ‚Äì An AI and ChatGPT Podcast,EVERYDAY AI,6bSPqenYtlBc7AU6H5sjca
Technology,Well There‚Äòs Your Problem,"WTYP IS JUSTIN ROCZNIAK, NOVEMBER KELLY, LIAM MCANDERSON, AND FRIENDS.",2PQxEHzQFao28CkFsAeKKF
Technology,Deep Questions with Cal Newport,CAL NEWPORT,0e9lFr3AdJByoBpM6tAbxD
Technology,Dwarkesh Podcast,DWARKESH PATEL,4JH4tybY1zX6e5hjCwU6gF
Technology,The TED AI Show,TED,6EBVhJvlnOLch2wg6eGtUa
Technology,No Priors: Artificial Intelligence | Technology | Startups,CONVICTION,0O65xhqvGVhpgdIrrdlEYk
Technology,Waveform: The MKBHD Podcast,VOX MEDIA PODCAST NETWORK,6o81QuW22s5m2nfcXWjucc
Technology,Hacked,HACKED,21zZfOy7VCSIIWlJ64DElv
Technology,Endless Thread,WBUR,6oApMJxXM8nni0hYAqgDRr
Technology,Y Combinator Startup Podcast,Y COMBINATOR,1tgqafxZAB0Bjd8nkwVtE4
Technology,Cryptocurrency for Beginners: with Crypto Casey,CRYPTO CASEY,6rLme2IkQHFxC0C78jU3D7
Technology,This Week in Startups,JASON CALACANIS,6ULQ0ewYf5zmsDgBchlkr9
Technology,Lightcone Podcast,Y COMBINATOR,0hCbmBt7bJVqtvg3aNUsgt
Technology,Terms of Service with Clare Duffy,CNN AUDIO,4tIfC2aaFJmrjhwsBMG8z3
Technology,Elon Musk Podcast,STAGE ZERO,49vTLjDIZufDkpxp2vPPtk
Technology,Stratechery,BEN THOMPSON,1jRACH7L8EQCYKc5uW7aPk
Technology,The Vergecast,THE VERGE,08zQP2peZmM9GrcKShLZvC
Technology,Shell Game,EVAN RATLIFF,7IddLasNvVGTKEDjq5bVhe
Technology,CompTIA Security+ 701 Exam Course,THIRD LEVEL TECHNOLOGY,1Ch1IPQc9V9FULKSBc6UfO
Technology,Reply All,GIMLET,7gozmLqbcbr6PScMjc0Zl4
Technology,Degen Hour Show,PODFLOW AI,0rD99aalNdZeiXLXkWHh3j
Technology,Power User with Taylor Lorenz,TAYLOR LORENZ,5iganPXXEoTDB9lIQzY7Fh
Technology,Tech Unheard,ARM,4oWcYSVcpqTObBuBmuH342
Technology,The Pragmatic Engineer,GERGELY OROSZ,2Bho9xCbOQMWMJ7UKmqCzD
Technology,Tech Won't Save Us,PARIS MARX,3UhsI7s4bkH1FcMZI5u9iD
Technology,The Game of Proxyopoly‚Ñ¢Ô∏è Podcast,PROXYOPOLY‚Ñ¢Ô∏è,2P0j1NWhS8wU8OKPhcTvb0
Technology,Catalyst with Shayle Kann,LATITUDE MEDIA,4C5Qx3wJn0GeTnDxIVYcAR
Technology,Comptia A+ 1101 Exam Course,THIRD LEVEL TECHNOLOGY,0vMpLhS3rCoSFbKlK5Mzuq
Technology,Syntax - Tasty Web Development Treats,WES BOS AND SCOTT TOLINSKI,4kYCRYJ3yK5DQbP5tbfZby
Technology,The AI Podcast,NVIDIA,4TB4pnynaiZ6YHoKmyVN0L
Technology,The I.T. Career Podcast,THE BEARDED I.T. DAD - DAKOTA SNOW,6iNuAhJVJHX3adsMRQcySp
Technology,"Practical AI: Machine Learning, Data Science, LLM",CHANGELOG MEDIA,1LaCr5TFAgYPK5qHjP3XDp
Technology,TED Tech,TED TECH,1iwcjlgreRD0nJxgtdwMLx
True Crime,Crime Junkie,AUDIOCHUCK,3DgfoleqaW61T2amZQKINx
True Crime,Deadly Mirage,NBC NEWS,65S0Rf8pYQwVJzAeWDEkry
True Crime,Rotten Mango,STEPHANIE SOO & RAMBLE,2DZwvzn6Z3xCFZrwZGDrbj
True Crime,"MrBallen Podcast: Strange, Dark & Mysterious Stories",BALLEN STUDIOS,4NZWQf0wUsaT0tO9unlmra
True Crime,"Crime, Conspiracy, Cults and Murder",KALLMEKRIS,2mClgQ5t53TqBIAxxGjvnu
True Crime,Morbid,MORBID NETWORK | WONDERY,1cpyLfDHP1cNnyOb478qrt
True Crime,Lights Out,MILE HIGHER MEDIA,3SfSNbkVrfz3ceXmNr0lZ4
True Crime,Dateline NBC,NBC NEWS,3MGn724Y6BOSQzfmk3TyuY
True Crime,Murder In America,BLOODY FM,7didcuJyAUG4B3a5RbdDEI
True Crime,Serial Killers,SPOTIFY STUDIOS,4ruq7mH0jg1sFi8KQhnGb8
True Crime,Murder: True Crime Stories,CRIME HOUSE,4fsW5D9rKYycsP2hgKtvCk
True Crime,Rotten Mango Video,STEPHANIE SOO,5jZ9hN1UHkjyTmfOjbdPQb
True Crime,MrBallen‚Äôs Medical Mysteries,WONDERY | BALLEN STUDIOS,4xbtcL7QjdAnQ6WgOeCQS4
True Crime,"Murder, Mystery & Makeup",AUDIOBOOM STUDIOS,615iXBRDJi3MVoO4cC7Fmq
True Crime,Last Podcast On The Left,THE LAST PODCAST NETWORK,3yZg2MCkf31pPXiG4nznrg
True Crime,"Heart Starts Pounding: Horrors, Hauntings and Mysteries",HEART STARTS POUNDING,6mbxMOHKjy7jQGl3V08rE3
True Crime,20/20,ABC NEWS,3ghsL8CzhRaJv0qzREZ9nU
True Crime,Hollywood & Crime,WONDERY,3YSSkNdphn1BHXPRCIRQiL
True Crime,True Crime with Kendall Rae,MILE HIGHER MEDIA & AUDIOBOOM STUDIOS,4d6RwH9XKnZ6osfNVc26eJ
True Crime,Murder With My Husband,OH NO MEDIA,6GaodpBsSpBuUMhmEXhjK2
True Crime,CounterClock,AUDIOCHUCK,3aZfzs19IagwtxnoPkb2ay
True Crime,Lords of Death,TENDERFOOT TV & AUDACY,0xoAgwyEjSYJ3nVm3QwPvg
True Crime,My Favorite Murder with Karen Kilgariff and Georgia Hardstark,EXACTLY RIGHT MEDIA ‚Äì THE ORIGINAL TRUE CRIME COMEDY NETWORK,0U9S5J2ltMaKdxIfLuEjzE
True Crime,Someone Knows Something,CBC,4Hjo1ogwMdbNojBeGgj8e4
True Crime,Kill List,WONDERY | NOVEL,0MKZSB39sSnSYHzey11SPF
True Crime,Serialously with Annie Elise,10 TO LIFE & AUDIOBOOM STUDIOS,6HdheEH8WeMTHoe5da34qU
True Crime,National Park After Dark,AUDIOBOOM STUDIOS,5AenIJ6TA3JjWkqacYEBWL
True Crime,Mind of a Serial Killer,CRIME HOUSE,2gknS4WovSnrJupP8BVKNe
True Crime,Sword and Scale,SWORD AND SCALE,2dzMey4yRYKX5NWKp8zPrd
True Crime,48 Hours,CBS NEWS,0UetHF8bYSGBtDsjVl4GDv
True Crime,48 Hours: NCIS,CBS NEWS,1Fd6llMH9ZzM15e11u8cvc
True Crime,Cazagringos,WONDERY,6uTkzX7ZgKPBMAhfvxNwKd
True Crime,The Conspiracy Files,BLOODY FM,5IY9nWD2MYDzlSYP48nRPl
True Crime,Bedtime Stories,BALLEN STUDIOS,7kzCXXA6Nyscbh7vuS8V72
True Crime,Swindled,A CONCERNED CITIZEN,2G5o4eDDl8dg4ONVTVlEmq
True Crime,Something Was Wrong,BROKEN CYCLE MEDIA | WONDERY,3GptGES42jdzOygpz7Qvf8
True Crime,Gone South,AUDACY PODCASTS,63UVgasuPewNrTW4Jn65KW
True Crime,Radioactive: The Karen Silkwood Mystery,ABC NEWS,485oa87T5clgVPHoxwwZsO
True Crime,Unseen,UNSEEN,6C6Gj58po61vFDmz8lK5Gr
True Crime,Scorned: Love Kills,ID,3XJOnLpVVUmJpoKc4adqM9
True Crime,Park Predators,AUDIOCHUCK,4M03qhBOIgqKezng4DSEhy
True Crime,The Deck,AUDIOCHUCK,4tBHDbvre02vPEWMAFmzvB
True Crime,The Lets Read Podcast,AUDIOBOOM STUDIOS,6BVRG4GxyOpflycvaWZ2DE
True Crime,Mr Nightmare Podcast,MR.NIGHTMARE,2zEsaBdlIpdlLnCLrV47MF
True Crime,Casefile True Crime,CASEFILE PRESENTS,4V3K3zyD0k789eaSWFXzhc
True Crime,Scared To Death,"DAN CUMMINS, LYNZE CUMMINS",0ROR5DBcqHUQIiY2AQgdAh
True Crime,Into The Dark,OH NO MEDIA,36SDVKB2MEWpFGVs9kRgQ7
True Crime,Dateline Originals,NBC NEWS,2z99kvBHYQYmu6kz3QwNbK
True Crime,Anatomy of Murder,AUDIOCHUCK,1ZjVlC0qUx4K6QoEvr3Cxj
True Crime,Let's Not Meet: A True Horror Podcast,CRYPTIC COUNTY,5mrS2aDwNdAAwlqRkvNVFd
TV & Film,WHAT WENT WRONG,SAD BOOM MEDIA,15lonNfWzHLbMepKo0EDjs
TV & Film,The Yellowstone Official Podcast,IHEARTPODCASTS AND PARAMOUNT NETWORK,1GWLCJvaaj80Qkc5p1L0ba
TV & Film,The Official Dune: Prophecy Podcast,HBO,11IQ14zhbqLjp6eoUo30ev
TV & Film,Til Death Do Us Blart,"TIM BATT, GUY MONTGOMERY, THE MCELROY BROTHERS",3xT7T1jq2kB9Px5gXsPEa8
TV & Film,Farid Dieck | Relatos y ReflexionesüçÉ,FARID DIECK,2Ltbkb4z9MSJeuvbyZey8l
TV & Film,The Rewatchables,THE RINGER,1lUPomulZRPquVAOOd56EW
TV & Film,The Big Picture,THE RINGER,6mTel3azvnK8isLs4VujvF
TV & Film,On Fire with Jeff Probst: The Official Survivor Podcast,CBS,2k3X2cTt5uc0oZyOrRA7bS
TV & Film,Talking Pictures,TCM AND MAX,1cRyqBkaJpc5S1InYnqed2
TV & Film,My Diary Animated Official,MY DIARY ANIMATED (MDA),4Tg9dYP7NDiU3ZjrY3kRPG
TV & Film,That Was Us,"MANDY MOORE, STERLING K. BROWN, CHRIS SULLIVAN",2NsvH2DsaKSIYqrqB0I38O
TV & Film,Bravo's Hot Mic,BRAVO TV,58QKYohUDdXi3VbyqRQ3zc
TV & Film,Sidebar: A Suits Watch Podcast,SIRIUSXM PODCASTS,3WmfuCfP71p9m7nM30ZIMn
TV & Film,I Am All In with Scott Patterson,IHEARTPODCASTS,5DvLyQYyS2C75kTv4NLOe5
TV & Film,Pop Culture Happy Hour,NPR,25auwWceZnlOEK6SwtO1y1
TV & Film,Sam and Colby vidsss,I RAN OVER 5 KIDS :),2qNtVadTLYwgc7hbnHSHaY
TV & Film,Pod Meets World,IHEARTPODCASTS,11BA5Y1PBaleEjJAFAP8MG
TV & Film,Watch What Crappens,BEN MANDELKER & RONNIE KARAM | WONDERY,3iSZPuQ8T8Msh0N33ZD7No
TV & Film,The Adam Friedland Show Podcast,THE ADAM FRIEDLAND SHOW,5MfQNeGILinrJFkf2UHLVK
TV & Film,Dead Meat Podcast,DEAD MEAT PODCAST,09cBVDZiE861DIHlEdcuac
TV & Film,DC Studios Showcase: The Official Podcast,MAX,20mRHacZ1xqL0bxHKZBDDf
TV & Film,The Frightful Fandom Podcast,BAILEY GUIDRY,6PEB5CMHHx9bVtvkQs76ef
TV & Film,Back to the Barre,CHRISTI LUKASIAK & KELLY HYLAND,5Sj288Dj8bafNfNTVrJq2p
TV & Film,Film Theory,THE FILM THEORISTS,5BdtLZwyCvIpUxJastR2xM
TV & Film,Boneheads with Emily Deschanel and Carla Gallo,LEMONADA MEDIA,4t96nqScset1GoJPTH34Mk
TV & Film,Drama Queens,IHEARTPODCASTS,344eFGlcjmdAUqvWzPJzBk
TV & Film,The Mess Around with Hannah and Lamorne,IHEARTPODCASTS,4vxCzip3jwRhyoM9R422m8
TV & Film,Blank Check with Griffin & David,BLANK CHECK PRODUCTIONS,4zmVd1CGeUCxAAMwGAwsFD
TV & Film,The Watch,THE RINGER,3IcA76e8ZV0NNSJ81XHQUg
TV & Film,Two Ts In A Pod with Teddi Mellencamp and Tamra Judge,IHEARTPODCASTS,58gFsK8RCj9xKphewwwq20
TV & Film,The Tell All,THE TELL ALL PODCAST,5u852AOyt1YhhpXYakSja0
TV & Film,Sister Wives: Love Should Be Multiplied Not Divided,ACE + KATELYN FANNING,2S9URGCradh5iM9jRJoAjC
TV & Film,House of R,THE RINGER,4GyqecnSWZxUGNEUqJNNT7
TV & Film,"The Hello, Sidney Podcast",SIDNEY,1t6cHOefcFR3KOdEcxHPty
TV & Film,Middling with Eden and Brock,EDEN SHER & BROCK CIARLELLI,5LVnPXcnidJyNNfIBgwwCp
TV & Film,VERY DELTA with Delta Work,MOGULS OF MEDIA,0O7Q8ePPq1ptw8Mz7MxtJF
TV & Film,You Must Remember This,KARINA LONGWORTH,2sYCMjQed0gHYtXzPvcj5K
TV & Film,Off Duty: An NCIS Rewatch,SPOTIFY STUDIOS,3Q4yZ2pKDEL6ton5jMHbQT
TV & Film,Chronicles of Runeterra : Exploring Arcane (League of Legends),PILTWORKS MEDIA,2fDyahLT4uCNfZ2XFKFKFO
TV & Film,Gilmore To Say: A Gilmore Girls Podcast,TARA LLEWELLYN & HALEY MCINTOSH,7LF8gsONJtmbEUBFrSPn75
TV & Film,Digging Up the Duggars,DIGGING UP THE DUGGARS,30FmvDjIMrZioIoj2PyV0z
TV & Film,Give Them Lala,LALA KENT | CUMULUS PODCAST NETWORK,33m3ZKxQ4mRZI4OSWqNICG
TV & Film,The Ringer-Verse,THE RINGER,3z9QIZzDR4o34uBBbsxb0z
TV & Film,Wild Ride! with Steve-O,STEVE-O,5doZcrX7shTygom1sTEvHK
TV & Film,Too Scary; Didn't Watch,HEADGUM,528s8w9v4MKG55ZyQXHj9g
TV & Film,Surviving Sister Wives,SURVIVINGPOD,3OXRwJ8jaKAhWUDUlH2xhD
TV & Film,That's Messed Up: An SVU Podcast,EXACTLY RIGHT MEDIA ‚Äì THE ORIGINAL TRUE CRIME COMEDY NETWORK,5Dxdua9QzV2LADwvduuDp6
TV & Film,Unspooled,"EARWOLF, PAUL SCHEER & AMY NICHOLSON",3bDde7PbruHlPvyppS0EpC
TV & Film,La Entrevista con Yordi Rosado,MEDIOS Y PRODUCCIONES,1ZRePpISu1StY3v1Jf6cUD
TV & Film,Inside of You with Michael Rosenbaum,CUMULUS PODCAST NETWORK,6Q5Cn2tO2yeCdJt4Bq88zS
